ID,campus,program,Tværfagligt problemdesign,Systemtænkning i ingeniørvidenskab,Etisk teknologivurdering,Psykologisk tryghed i teams,Samarbejde på tværs af fagligheder,Facilitering af produktive møder,Digitale praksisser i projektarbejdet,SCRUM-teknikker i projektarbejdet,Generativ AI i studiepraksis,"Motivation, trivsel og work-life balance",Creative and systems thinking for complex problem-solving (whole day workshop - you are then attending 1 workshop the whole day),Clarification of individual professional competences,Ethical technology assessment​,Psychological safety in team work,Professional communication with external partners,Leadership and project management,Digital and hybrid practices in collaborative work,Professional identity development,Interdisciplinary problem design,Systems thinking in engineering,Collaboration across discplines,Facilitation of productive meeting,SCRUM-techniques in project work​,Generative AI in study practices​,"Motivation, well-being and work-life balance​",Creativity and entrepeneurship,Psychological safety in teamwork,Digital practices in project work,separator,Tværfagligt problemdesign2,Systemtænkning i ingeniørvidenskab3,Etisk teknologivurdering4,Psykologisk tryghed i teams5,Samarbejde på tværs af fagligheder6,Facilitering af produktive møder7,Digitale praksisser i projektarbejdet8,SCRUM-teknikker i projektarbejdet9,Generativ AI i studiepraksis10,"Motivation, trivsel og work-life balance11",Creative and systems thinking for complex problem-solving (whole day workshop - you are then attending 1 workshop the whole day)12,Clarification of individual professional competences13,Ethical technology assessment​14,Psychological safety in team work15,Professional communication with external partners16,Leadership and project management17,Digital and hybrid practices in collaborative work18,Professional identity development19,Interdisciplinary problem design20,Systems thinking in engineering21,Collaboration across discplines22,Facilitation of productive meeting23,SCRUM-techniques in project work​24,Generative AI in study practices​25,"Motivation, well-being and work-life balance​26",Creativity and entrepeneurship27,Psychological safety in teamwork28,Digital practices in project work29
2,AAL,master,,,,,,,,,,,,,,,,,,,,,,,,,,,,,,,,,,,,,,,,,,,,,,,,,,,,,,,,,
20,AAL,master,,,,,,,,,,,,,,,,,,,,,,,,,,,,,,,,,,,,,,,,,,,,,,,,,,,,,,,,,
22,AAL,bachelor,,,,,,,,,,,,,,,,,,,,,,,,,,,,,,,,,,,,,,,,,,,,,,,,,,,,,,,,,
25,AAL,bachelor,,,,,,,,,,,,,,,,,,,,,,,,,,,,,,,,,,,,,,,,,,,,,,,,,,,,,,,,,
27,AAL,bachelor,,,,,,,,,,,,,,,,,,,,,,,,,,,,,,,,,,,,,,,,,,,,,,,,,,,,,,,,,
32,AAL,bachelor,,,,,,,,,,,,,,,,,,,,,,,,,,,,,,,,,,,,,,,,,,,,,,,,,,,,,,,,,
33,AAL,bachelor,,,,,,,,,,,,,,,,,,,,,,,,,,,,,,,,,,,,,,,,,,,,,,,,,,,,,,,,,
34,AAL,bachelor,,,,,,,,,,,,,,,,,,,,,,,,,,,,,,,,,,,,,,,,,,,,,,,,,,,,,,,,,
51,AAL,bachelor,,,,,,,,,,,,,,,,,,,,,,,,,,,,,,,,,,,,,,,,,,,,,,,,,,,,,,,,,
55,AAL,master,,,,,,,,,,,,,,,,,,,,,,,,,,,,,,,,,,,,,,,,,,,,,,,,,,,,,,,,,
56,AAL,bachelor,,,,,,,,,,,,,,,,,,,,,,,,,,,,,,,,,,,,,,,,,,,,,,,,,,,,,,,,,
61,ESB,master,,,,,,,,,,,,,,2,,1,3,,,,,,,,,,,,,,,,,,,,,,,,1,,,,1,,,,,,,,,,,,
62,ESB,bachelor,,,,,,,,,,,,,1,,,,,,,3,,,,,,,2,,,,,,,,,,,,,,,,,,,,,,1,,,,1,,,,
63,AAL,master,,,,,,,,,,,3,1,,,,,,2,,,,,,,,,,,,,,,,,,,,,,,1,,,,,,1,,,,,,,,,,
64,ESB,master,,,,,,,,,,,,,,1,3,2,,,,,,,,,,,,,,,,,,,,,,,,,1,,,,1,,,,,,,,,,,,
65,AAL,master,,,,,,,,,,,1,,,,2,,3,,,,,,,,,,,,,,,,,,,,,,,1,,,,,,,,,,,,,,,,,
66,ESB,master,,,,,,,,,,,,2,,,,,,1,,,,,,,,3,,,,,,,,,,,,,,,1,,,,1,,,,,,,,,,,,
67,AAL,bachelor,,1,3,,,,,,2,,,,,,,,,,,,,,,,,,,,,,1,,,,,,,1,,,,,,,,,,,,,,,,,,,
69,AAL,bachelor,,1,3,,,,,,2,,,,,,,,,,,,,,,,,,,,,,1,,,,,,,1,,,,,,,,,,,,,,,,,,,
73,ESB,bachelor,,,,,,,,,,,,,,,,,,,,3,,,,1,,,2,,,,,,,,,,,,,,,,,,,,,,1,,,,1,,,,
74,AAL,master,,,,,,,,,,,,1,,,,,,2,,,,,,,,,,,,,,,,,,,,,,,1,,,,,,1,,,,,,,,,,
75,AAL,master,,,,,,,,,,,,1,,,,,,2,,,,,,,,,,,,,,,,,,,,,,,1,,,,,,1,,,,,,,,,,
76,ESB,bachelor,,,,,,,,,,,,,,,,,,,3,1,2,,,,,,,,,,,,,,,,,,,,,,,,,,,,1,,,,1,,,,
77,ESB,bachelor,,,,,,,,,,,,,,,,,,,,1,3,,,2,,,,,,,,,,,,,,,,,,,,,,,,,1,,,,1,,,,
80,AAL,master,,,,,,,,,,,,3,,,,1,2,,,,,,,,,,,,,,,,,,,,,,,,1,,,,1,,,,,,,,,,,,
82,ESB,master,,,,,,,,,,,,2,,,3,,,,,,,,,,,,,,,,,,,,,,,,,,1,,,,1,,,,,,,,,,,,
83,AAL,master,,,,,,,,,,,,3,,,2,,1,,,,,,,,,,,,,,,,,,,,,,,,1,,,1,,,,,,,,,,,,,
84,AAL,master,,,,,,,,,,,1,,,,,3,2,,,,,,,,,,,,,,,,,,,,,,,1,,,,,,,,,,,,,,,,,
85,AAL,master,,,,,,,,,,,1,3,,,,2,,,,,,,,,,,,,,,,,,,,,,,,1,,,,,,,,,,,,,,,,,
86,AAL,master,,,,,,,,,,,,1,,,2,3,,,,,,,,,,,,,,,,,,,,,,,,,1,,,1,,,,,,,,,,,,,
87,AAL,master,,,,,,,,,,,3,,,1,,,,,,,,,,,,,,,,,,,,,,,,,,,,,1,,,,,,,,,,,,,,
88,AAL,master,,,,,,,,,,,3,,,1,,,,,,,,,,,,,,,,,,,,,,,,,,,,,1,,,,,,,,,,,,,,
89,AAL,master,,,,,,,,,,,1,3,,,,2,,,,,,,,,,,,,,,,,,,,,,,,1,,,,,,,,,,,,,,,,,
90,AAL,master,,,,,,,,,,,3,,,1,,,,,,,,,,,,,,,,,,,,,,,,,,,,,1,,,,,,,,,,,,,,
91,AAL,master,,,,,,,,,,,1,3,,,,2,,,,,,,,,,,,,,,,,,,,,,,,1,,,,,,,,,,,,,,,,,
92,AAL,bachelor,,1,,,,,,,3,2,,,,,,,,,,,,,,,,,,,,,1,,,,,,,1,,,,,,,,,,,,,,,,,,,
93,AAL,bachelor,,,,,,,3,2,,1,,,,,,,,,,,,,,,,,,,,,,,,,1,,1,,,,,,,,,,,,,,,,,,,,
94,ESB,master,,,,,,,,,,,,2,,,,3,,1,,,,,,,,,,,,,,,,,,,,,,,1,,,,1,,,,,,,,,,,,
95,AAL,master,,,,,,,,,,,,,,,,2,,3,,,,,,,,,,,,,,,,,,,,,,,,,,,1,,1,,,,,,,,,,
96,AAL,master,,,,,,,,,,,3,,,2,,1,,,,,,,,,,,,,,,,,,,,,,,,,,,1,,1,,,,,,,,,,,,
97,ESB,bachelor,,,,,,,,,,,,,,,,,,,,,3,1,,,,,2,,,,,,,,,,,,,,,,,,,,,,1,,,,1,,,,
98,ESB,master,,,,,,,,,,,,,,,2,1,,3,,,,,,,,,,,,,,,,,,,,,,,1,,,,1,,,,,,,,,,,,
99,AAL,master,,,,,,,,,,,,1,,,3,2,,,,,,,,,,,,,,,,,,,,,,,,,1,,,,1,,,,,,,,,,,,
100,AAL,master,,,,,,,,,,,,2,,,,1,,3,,,,,,,,,,,,,,,,,,,,,,,1,,,,1,,,,,,,,,,,,
101,AAL,master,,,,,,,,,,,,1,,,,2,,3,,,,,,,,,,,,,,,,,,,,,,,1,,,,1,,,,,,,,,,,,
102,CPH,master,,,,,,,,,,,,3,,1,,,,2,,,,,,,,,,,,,,,,,,,,,,,1,,,,,,1,,,,,,,,,,
104,AAL,master,,,,,,,,,,,,,,1,,3,,2,,,,,,,,,,,,,,,,,,,,,,,,,,,1,,1,,,,,,,,,,
105,AAL,bachelor,,2,,,,,,,3,1,,,,,,,,,,,,,,,,,,,,,1,,,,,,,1,,,,,,,,,,,,,,,,,,,
106,AAL,bachelor,,1,,,,3,,,,2,,,,,,,,,,,,,,,,,,,,,1,,,,1,,,,,,,,,,,,,,,,,,,,,,
107,AAL,bachelor,3,2,,,,,,,,1,,,,,,,,,,,,,,,,,,,,1,1,,,,,,,,,,,,,,,,,,,,,,,,,,
108,AAL,bachelor,2,1,,,,,,,,3,,,,,,,,,,,,,,,,,,,,1,1,,,,,,,,,,,,,,,,,,,,,,,,,,
110,AAL,master,,,,,,,,,,,,2,,3,,1,,,,,,,,,,,,,,,,,,,,,,,,,1,,,,1,,,,,,,,,,,,
111,AAL,master,,,,,,,,,,,,2,,,,1,,3,,,,,,,,,,,,,,,,,,,,,,,1,,,,1,,,,,,,,,,,,
112,AAL,bachelor,3,,,,,,2,,1,,,,,,,,,,,,,,,,,,,,,1,1,,,,,,,1,,,,,,,,,,,,,,,,,,,
114,AAL,master,,,,,,,,,,,3,2,,,,,,1,,,,,,,,,,,,,,,,,,,,,,,1,,,,,,1,,,,,,,,,,
115,CPH,master,,,,,,,,,,,,1,,,,3,,2,,,,,,,,,,,,,,,,,,,,,,,1,,,,,,1,,,,,,,,,,
116,ESB,master,,,,,,,,,,,,3,,,,,2,,,,,,,,,1,,,,,,,,,,,,,,,,,,,,,,,,,,,,,,,
117,AAL,master,,,,,,,,,,,,,,,3,1,,2,,,,,,,,,,,,,,,,,,,,,,,,,,,,,1,,,,,,,,,,
118,AAL,bachelor,1,2,,,3,,,,,,,,,,,,,,,,,,,,,,,,,1,1,,,,,,,,,,,,,,,,,,,,,,,,,,
119,AAL,bachelor,1,2,,,3,,,,,,,,,,,,,,,,,,,,,,,,,1,1,,,,,,,,,,,,,,,,,,,,,,,,,,
120,AAL,bachelor,1,2,,,3,,,,,,,,,,,,,,,,,,,,,,,,,1,1,,,,,,,,,,,,,,,,,,,,,,,,,,
121,AAL,bachelor,1,3,2,,,,,,,,,,,,,,,,,,,,,,,,,,,1,1,,,,,,,,,,,,,,,,,,,,,,,,,,
122,AAL,bachelor,,3,,,,,2,,1,,,,,,,,,,,,,,,,,,,,,,,,,,,,,1,,,,,,,,,,,,,,,,,,,
123,CPH,master,,,,,,,,,,,2,,,,,,3,,,,,,,,,,,,,,,,,,,,,,,1,,,,,,,,,,,,,,,,,
124,CPH,master,,,,,,,,,,,,,,,3,,,1,,,,,,,,,,,,,,,,,,,,,,,,1,,,,,1,,,,,,,,,,
125,CPH,master,,,,,,,,,,,2,,,,3,1,,,,,,,,,,,,,,,,,,,,,,,,1,1,,,,1,,,,,,,,,,,,
126,CPH,master,,,,,,,,,,,,3,,1,,,,2,,,,,,,,,,,,,,,,,,,,,,,1,,,,,,1,,,,,,,,,,
127,AAL,bachelor,1,2,,,,,3,,,,,,,,,,,,,,,,,,,,,,,1,1,,,,,,,,,,,,,,,,,,,,,,,,,,
128,AAL,master,,,,,,,,,,,,,,,,,2,3,,,,,,,,,,,,,,,,,,,,,,,,,,,,,1,,,,,,,,,,
129,CPH,bachelor,,2,,3,,,,1,,,,,,,,,,,,,,,,,,,,,,,1,,,,,,1,,,,,,,,,,,,,,,,,,,,
130,CPH,bachelor,,2,,3,,,,1,,,,,,,,,,,,,,,,,,,,,,,1,,,,,,1,,,,,,,,,,,,,,,,,,,,
131,CPH,bachelor,,2,,3,,,,1,,,,,,,,,,,,,,,,,,,,,,,1,,,,,,1,,,,,,,,,,,,,,,,,,,,
132,AAL,bachelor,,,,,,1,3,,2,,,,,,,,,,,,,,,,,,,,,,,,,,1,,,1,,,,,,,,,,,,,,,,,,,
133,AAL,bachelor,,,,3,,,2,,1,,,,,,,,,,,,,,,,,,,,,,,,1,,,,,1,,,,,,,,,,,,,,,,,,,
134,AAL,bachelor,,,,3,,,2,,1,,,,,,,,,,,,,,,,,,,,,,,,1,,,,,1,,,,,,,,,,,,,,,,,,,
135,AAL,bachelor,1,,2,,3,,,,,,,,,,,,,,,,,,,,,,,,,1,,,,1,,,,,,,,,,,,,,,,,,,,,,,
136,CPH,bachelor,3,1,,,,2,,,,,,,,,,,,,,,,,,,,,,,,,1,,,,,,,,,,,,,,,,,,,,,,,,,,
137,AAL,master,,,,,,,,,,,1,,,,3,,,2,,,,,,,,,,,,,,,,,,,,,,1,,,,,,,,,,,,,,,,,
138,AAL,bachelor,,1,,,,2,,,3,,,,,,,,,,,,,,,,,,,,,,1,,,,1,,,,,,,,,,,,,,,,,,,,,,
139,AAL,bachelor,,1,3,,2,,,,,,,,,,,,,,,,,,,,,,,,,,1,,,1,,,,,,,,,,,,,,,,,,,,,,,
140,AAL,master,,,,,,,,,,,,3,,,1,,,2,,,,,,,,,,,,,,,,,,,,,,,,,,1,,,1,,,,,,,,,,
141,AAL,bachelor,,,,,,3,,,1,2,,,,,,,,,,,,,,,,,,,,,,,,,1,,1,,,,,,,,,,,,,,,,,,,,
142,AAL,bachelor,1,2,,,3,,,,,,,,,,,,,,,,,,,,,,,,,1,1,,,,,,,,,,,,,,,,,,,,,,,,,,
143,AAL,master,,,,,,,,,,,1,,,,,3,,2,,,,,,,,,,,,,,,,,,,,,,1,,,,,,,,,,,,,,,,,
144,AAL,master,,,,,,,,,,,,1,,,2,,,3,,,,,,,,,,,,,,,,,,,,,,,1,,,1,,,,,,,,,,,,,
145,AAL,master,,,,,,,,,,,,1,,,2,,,3,,,,,,,,,,,,,,,,,,,,,,,1,,,1,,,,,,,,,,,,,
146,AAL,master,,,,,,,,,,,,1,,,2,,,3,,,,,,,,,,,,,,,,,,,,,,,1,,,1,,,,,,,,,,,,,
147,AAL,master,,,,,,,,,,,,1,,,2,,,3,,,,,,,,,,,,,,,,,,,,,,,1,,,1,,,,,,,,,,,,,
148,AAL,master,,,,,,,,,,,3,2,,,,,,,,,,,,,,,,,,,,,,,,,,,,,,,,,,,,,,,,,,,,,
149,AAL,bachelor,1,,2,,3,,,,,,,,,,,,,,,,,,,,,,,,,1,,,,1,,,,,,,,,,,,,,,,,,,,,,,
150,AAL,master,,,,,,,,,,,3,1,,,,2,,,,,,,,,,,,,,,,,,,,,,,,,1,,,,1,,,,,,,,,,,,
151,AAL,master,,,,,,,,,,,,,,2,3,1,,,,,,,,,,,,,,,,,,,,,,,,,,,1,,,,,,,,,,,,,,
152,AAL,master,,,,,,,,,,,,,,3,2,1,,,,,,,,,,,,,,,,,,,,,,,,,,,,,,,,,,,,,,,,,
154,CPH,master,,,,,,,,,,,3,,,2,,,,,,,,,,,,,,,,,,,,,,,,,,1,,,,,,,,,,,,,,,,,
155,AAL,master,,,,,,,,,,,,1,,,3,2,,,,,,,,,,,,,,,,,,,,,,,,,,,,,,,,,,,,,,,,,
156,AAL,master,,,,,,,,,,,,1,,,,,,2,,,,,,,,,,,,,,,,,,,,,,,,,,,,,,,,,,,,,,,
157,AAL,master,,,,,,,,,,,,1,,,2,3,,,,,,,,,,,,,,,,,,,,,,,,,,,,,,,,,,,,,,,,,
158,AAL,master,,,,,,,,,,,,1,,,2,3,,,,,,,,,,,,,,,,,,,,,,,,,,,,,,,,,,,,,,,,,
160,AAL,bachelor,,1,,,2,,3,,,,,,,,,,,,,,,,,,,,,,,,1,,,1,,,,,,,,,,,,,,,,,,,,,,,
161,AAL,master,,,,,,,,,,,,2,,,3,1,,,,,,,,,,,,,,,,,,,,,,,,,1,,,,1,,,,,,,,,,,,
162,AAL,bachelor,,,,1,3,2,,,,,,,,,,,,,,,,,,,,,,,,,,,1,1,,,,,,,,,,,,,,,,,,,,,,,
163,AAL,master,,,,,,,,,,,1,3,,,,2,,,,,,,,,,,,,,,,,,,,,,,,1,,,,,,,,,,,,,,,,,
164,AAL,master,,,,,,,,,,,,,,,2,1,,3,,,,,,,,,,,,,,,,,,,,,,,,,,,1,,1,,,,,,,,,,
165,AAL,bachelor,3,2,1,,,,,,,,,,,,,,,,,,,,,,,,,,,1,1,,,,,,,,,,,,,,,,,,,,,,,,,,
166,AAL,master,,,,,,,,,,,,1,,,,2,,3,,,,,,,,,,,,,,,,,,,,,,,1,,,,1,,,,,,,,,,,,
168,AAL,bachelor,,,1,,,2,,,,3,,,,,,,,,,,,,,,,,,,,,,,,,,,,,,,,,,,,,,,,,,,,,,,
170,AAL,master,,,,,,,,,,,,1,,,3,,,2,,,,,,,,,,,,,,,,,,,,,,,,,,,,,,,,,,,,,,,
171,AAL,bachelor,2,1,,,3,,,,,,,,,,,,,,,,,,,,,,,,,1,1,,,,,,,,,,,,,,,,,,,,,,,,,,
172,AAL,master,,,,,,,,,,,2,,,,,,3,1,,,,,,,,,,,,,,,,,,,,,,,,,,,,,1,,,,,,,,,,
173,AAL,bachelor,,,,,,,2,3,1,,,,,,,,,,,,,,,,,,,,,,,,,,,,1,1,,,,,,,,,,,,,,,,,,,
174,AAL,bachelor,,,,,,,2,3,1,,,,,,,,,,,,,,,,,,,,,,,,,,,,1,1,,,,,,,,,,,,,,,,,,,
175,AAL,bachelor,,2,,,1,,,,3,,,,,,,,,,,,,,,,,,,,,,1,,,1,,,,,,,,,,,,,,,,,,,,,,,
176,AAL,bachelor,,,,1,3,,,,,2,,,,,,,,,,,,,,,,,,,,,,,1,1,,,,,,,,,,,,,,,,,,,,,,,
177,CPH,bachelor,,2,,3,,,,1,,,,,,,,,,,,,,,,,,,,,,,1,,,,,,1,,,,,,,,,,,,,,,,,,,,
178,AAL,bachelor,,2,,,,,,,1,3,,,,,,,,,,,,,,,,,,,,,1,,,,,,,1,,,,,,,,,,,,,,,,,,,
179,AAL,bachelor,,2,,,,,1,,3,,,,,,,,,,,,,,,,,,,,,,1,,,,,,,1,,,,,,,,,,,,,,,,,,,
180,AAL,bachelor,,3,,2,,,,,1,,,,,,,,,,,,,,,,,,,,,,,,1,,,,,1,,,,,,,,,,,,,,,,,,,
181,AAL,master,,,,,,,,,,,3,,,,,1,2,,,,,,,,,,,,,,,,,,,,,,,,1,,,,1,,,,,,,,,,,,
182,AAL,master,,,,,,,,,,,,1,,,,2,,3,,,,,,,,,,,,,,,,,,,,,,,1,,,,1,,,,,,,,,,,,
183,CPH,master,,,,,,,,,,,,3,,1,,2,,,,,,,,,,,,,,,,,,,,,,,,,,,,,,,,,,,,,,,,,
184,AAL,master,,,,,,,,,,,,2,,,,3,,1,,,,,,,,,,,,,,,,,,,,,,,1,,,,,,1,,,,,,,,,,
185,AAL,master,,,,,,,,,,,,3,,2,,,,1,,,,,,,,,,,,,,,,,,,,,,,1,,,,,,1,,,,,,,,,,
186,AAL,master,,,,,,,,,,,3,2,,,,,,1,,,,,,,,,,,,,,,,,,,,,,,1,,,,,,1,,,,,,,,,,
187,AAL,master,,,,,,,,,,,3,1,,,,,,2,,,,,,,,,,,,,,,,,,,,,,,1,,,,,,1,,,,,,,,,,
188,AAL,master,,,,,,,,,,,,3,,,1,,,2,,,,,,,,,,,,,,,,,,,,,,,,,,1,,,1,,,,,,,,,,
189,AAL,master,,,,,,,,,,,,2,,,3,,,1,,,,,,,,,,,,,,,,,,,,,,,1,,,,,,1,,,,,,,,,,
190,AAL,bachelor,3,1,,,2,,,,,,,,,,,,,,,,,,,,,,,,,,1,,,1,,,,,,,,,,,,,,,,,,,,,,,
191,AAL,bachelor,3,,,,,,,2,,1,,,,,,,,,,,,,,,,,,,,1,,,,,,,1,,,,,,,,,,,,,,,,,,,,
192,AAL,master,,,,,,,,,,,,,,1,,,3,,,,,,,,,,,,,,,,,,,,,,,,,,1,,,,,,,,,,,,,,
193,AAL,master,,,,,,,,,,,,,,,1,3,,2,,,,,,,,,,,,,,,,,,,,,,,,,,1,,,1,,,,,,,,,,
194,AAL,bachelor,3,1,2,,,,,,,,,,,,,,,,,,,,,,,,,,,1,1,,,,,,,,,,,,,,,,,,,,,,,,,,
195,AAL,master,,,,,,,,,,,,1,,3,,,,2,,,,,,,,,,,,,,,,,,,,,,,,,,,,,,,,,,,,,,,
196,AAL,bachelor,,2,1,,,,,,,3,,,,,,,,,,,,,,,,,,,,1,1,,,,,,,,,,,,,,,,,,,,,,,,,,
197,CPH,master,,,,,,,,,,,2,1,,,,,,3,,,,,,,,,,,,,,,,,,,,,,1,,,,,,,,,,,,,,,,,
198,AAL,master,,,,,,,,,,,,,,2,,1,3,,,,,,,,,,,,,,,,,,,,,,,,,,1,,,,,,,,,,,,,,
199,AAL,master,,,,,,,,,,,1,,,,3,2,,,,,,,,,,,,,,,,,,,,,,,,1,,,,,,,,,,,,,,,,,
200,AAL,bachelor,,,,1,3,,,,,2,,,,,,,,,,,,,,,,,,,,,,,1,1,,,,,,,,,,,,,,,,,,,,,,,
201,AAL,bachelor,2,1,,,3,,,,,,,,,,,,,,,,,,,,,,,,,1,1,,,,,,,,,,,,,,,,,,,,,,,,,,
202,AAL,master,,,,,,,,,,,,1,,,,2,,3,,,,,,,,,,,,,,,,,,,,,,,1,,,,1,,,,,,,,,,,,
203,AAL,master,,,,,,,,,,,1,,,,3,2,,,,,,,,,,,,,,,,,,,,,,,,1,,,,,,,,,,,,,,,,,
204,AAL,bachelor,,2,,3,,,,,,1,,,,,,,,,,,,,,,,,,,,,1,,1,,,,,,,,,,,,,,,,,,,,,,,,
205,AAL,master,,,,,,,,,,,,3,,,,2,,1,,,,,,,,,,,,,,,,,,,,,,,,,,,,,1,,,,,,,,,,
206,AAL,master,,,,,,,,,,,1,,,,,2,,3,,,,,,,,,,,,,,,,,,,,,,1,,,,,,,,,,,,,,,,,
207,AAL,bachelor,3,2,,,,1,,,,,,,,,,,,,,,,,,,,,,,,,1,,,,1,,,,,,,,,,,,,,,,,,,,,,
208,AAL,master,,,,,,,,,,,,2,,,,,3,1,,,,,,,,,,,,,,,,,,,,,,,1,,,,,,1,,,,,,,,,,
209,CPH,master,,,,,,,,,,,,,,,1,3,,2,,,,,,,,,,,,,,,,,,,,,,,1,,,,,,1,,,,,,,,,,
210,AAL,master,,,,,,,,,,,,,,,3,1,2,,,,,,,,,,,,,,,,,,,,,,,,,,,1,1,,,,,,,,,,,,
211,AAL,bachelor,,1,,,,,,,2,3,,,,,,,,,,,,,,,,,,,,,1,,,,,,,1,,,,,,,,,,,,,,,,,,,
212,AAL,master,,,,,,,,,,,,1,,,2,,,3,,,,,,,,,,,,,,,,,,,,,,,1,,,1,,,,,,,,,,,,,
214,AAL,master,,,,,,,,,,,,,,,3,1,,2,,,,,,,,,,,,,,,,,,,,,,,,,,,,,1,,,,,,,,,,
215,AAL,master,,,,,,,,,,,,1,,,3,,,2,,,,,,,,,,,,,,,,,,,,,,,1,,,,,,1,,,,,,,,,,
216,AAL,master,,,,,,,,,,,,1,,,2,,,3,,,,,,,,,,,,,,,,,,,,,,,1,,,1,,,,,,,,,,,,,
217,AAL,master,,,,,,,,,,,3,,,,2,,1,,,,,,,,,,,,,,,,,,,,,,,,,,,1,,,,,,,,,,,,,
218,ESB,bachelor,,,,,,,,,,,,,,,,,,,2,1,,,,,,,,3,,,,,,,,,,,,,,,,,,,,,1,,,,1,,,,
219,AAL,master,,,,,,,,,,,,,,,3,1,,2,,,,,,,,,,,,,,,,,,,,,,,,,,,,,1,,,,,,,,,,
220,ESB,bachelor,,,,,,,,,,,,,,,,,,,,2,,3,,,1,,,,,,,,,,,,,,,,,,,,,,,,1,,,,1,,,,
221,AAL,master,,,,,,,,,,,,1,,,2,,,3,,,,,,,,,,,,,,,,,,,,,,,1,,,1,,,,,,,,,,,,,
222,CPH,master,,,,,,,,,,,2,,,,3,,,,,,,,,,,,,,,,,,,,,,,,,1,,,,,,,,,,,,,,,,,
223,AAL,master,,,,,,,,,,,,,,,3,1,,2,,,,,,,,,,,,,,,,,,,,,,,,,,,,,1,,,,,,,,,,
224,AAL,master,,,,,,,,,,,1,,,,,2,,3,,,,,,,,,,,,,,,,,,,,,,1,,,,,,,,,,,,,,,,,
225,AAL,bachelor,,,,,2,1,,3,,,,,,,,,,,,,,,,,,,,,,,,,,1,1,,,,,,,,,,,,,,,,,,,,,,
226,AAL,master,,,,,,,,,,,1,,,,,2,,3,,,,,,,,,,,,,,,,,,,,,,1,,,,,,,,,,,,,,,,,
227,AAL,master,,,,,,,,,,,,,,3,,,2,1,,,,,,,,,,,,,,,,,,,,,,,,,1,,,,1,,,,,,,,,,
228,AAL,bachelor,3,1,,,,,,,,2,,,,,,,,,,,,,,,,,,,,1,1,,,,,,,,,,,,,,,,,,,,,,,,,,
229,CPH,master,,,,,,,,,,,,,,,,3,,1,,,,,,,,,,,,,,,,,,,,,,,,1,,,,,1,,,,,,,,,,
230,CPH,bachelor,,,,,,,1,,2,3,,,,,,,,,,,,,,,,,,,,,,,,,,,,1,,,,,,,,,,,,,,,,,,,
231,AAL,master,,,,,,,,,,,,,,3,,1,2,,,,,,,,,,,,,,,,,,,,,,,,,,1,,,,,,,,,,,,,,
232,AAL,master,,,,,,,,,,,3,,,,,,1,2,,,,,,,,,,,,,,,,,,,,,,,,,,,,,,,,,,,,,,,
233,AAL,master,,,,,,,,,,,1,3,,,,,,2,,,,,,,,,,,,,,,,,,,,,,1,,,,,,,,,,,,,,,,,
234,AAL,bachelor,,1,,,2,,,,,3,,,,,,,,,,,,,,,,,,,,,1,,,1,,,,,,,,,,,,,,,,,,,,,,,
235,AAL,master,,,,,,,,,,,,2,,,3,1,,,,,,,,,,,,,,,,,,,,,,,,,1,,,,1,,,,,,,,,,,,
236,AAL,master,,,,,,,,,,,,2,,,,1,,3,,,,,,,,,,,,,,,,,,,,,,,1,,,,1,,,,,,,,,,,,
237,AAL,master,,,,,,,,,,,,3,,,,,1,2,,,,,,,,,,,,,,,,,,,,,,,,,,,,,,,,,,,,,,,
238,CPH,master,,,,,,,,,,,,1,,,2,,,3,,,,,,,,,,,,,,,,,,,,,,,1,,,,,,1,,,,,,,,,,
239,AAL,bachelor,,3,,,,,,2,1,,,,,,,,,,,,,,,,,,,,,,,,,,,,1,1,,,,,,,,,,,,,,,,,,,
240,CPH,master,,,,,,,,,,,1,,,,3,2,,,,,,,,,,,,,,,,,,,,,,,,1,,,,,,,,,,,,,,,,,
241,AAL,master,,,,,,,,,,,,,,,3,1,,2,,,,,,,,,,,,,,,,,,,,,,,1,,,,1,,1,,,,,,,,,,
242,AAL,bachelor,,2,,,3,,,1,,,,,,,,,,,,,,,,,,,,,,,1,,,,,,1,,,,,,,,,,,,,,,,,,,,
243,AAL,master,,,,,,,,,,,1,,,,,3,2,,,,,,,,,,,,,,,,,,,,,,,1,,,,,,,,,,,,,,,,,
244,ESB,master,,,,,,,,,,,,3,,,,2,,,,,,,,,,1,,,,,,,,,,,,,,,1,,,,1,,,,,,,,,,,,
245,ESB,master,,,,,,,,,,,,1,,,,3,,,,,,,,,,2,,,,,,,,,,,,,,,1,,,,1,,,,,,,,,,,,
246,AAL,bachelor,,1,,3,,,,2,,,,,,,,,,,,,,,,,,,,,,,,,1,,,,1,,,,,,,,,,,,,,,,,,,,
247,CPH,master,,,,,,,,,,,,3,,,1,2,,,,,,,,,,,,,,,,,,,,,,,,,1,,,,1,,,,,,,,,,,,
248,AAL,master,,,,,,,,,,,,2,,,1,,,3,,,,,,,,,,,,,,,,,,,,,,,1,,,1,,,,,,,,,,,,,
249,AAL,master,,,,,,,,,,,,3,,,,,,1,,,,,,,,,,,,,,,,,,,,,,,1,,,,,,1,,,,,,,,,,
250,AAL,master,,,,,,,,,,,3,,,,,1,,2,,,,,,,,,,,,,,,,,,,,,,,,,,,,,1,,,,,,,,,,
251,ESB,bachelor,,,,,,,,,,,,,,,,,,,,1,,2,3,,,,,,,,,,,,,,,,,,,,,,,,,,1,,,,1,,,,
252,AAL,bachelor,,,,,,2,,1,,3,,,,,,,,,,,,,,,,,,,,,,,,,1,,1,,,,,,,,,,,,,,,,,,,,
253,AAL,master,,,,,,,,,,,,3,,,,2,,1,,,,,,,,,,,,,,,,,,,,,,,,,,,,,1,,,,,,,,,,
254,AAL,master,,,,,,,,,,,,2,,3,1,,,,,,,,,,,,,,,,,,,,,,,,,,1,,,1,,,,,,,,,,,,,
255,AAL,bachelor,,3,,,,,,,1,2,,,,,,,,,,,,,,,,,,,,,,,,,,,,,,,,,,,,,,,,,,,,,,,
256,AAL,bachelor,,,,,,3,,,1,2,,,,,,,,,,,,,,,,,,,,,,,,,1,,,1,,,,,,,,,,,,,,,,,,,
257,AAL,bachelor,3,2,,,,,,,1,,,,,,,,,,,,,,,,,,,,,,1,,,,,,,1,,,,,,,,,,,,,,,,,,,
258,AAL,bachelor,,3,,,,,,,1,2,,,,,,,,,,,,,,,,,,,,,1,,,,,,,1,,,,,,,,,,,,,,,,,,,
259,CPH,master,,,,,,,,,,,,,,,,1,2,3,,,,,,,,,,,,,,,,,,,,,,,1,,,,1,,,,,,,,,,,,
260,AAL,bachelor,,3,2,,,,,,1,,,,,,,,,,,,,,,,,,,,,,1,,,,,,,1,,,,,,,,,,,,,,,,,,,
261,AAL,bachelor,1,2,3,,,,,,,,,,,,,,,,,,,,,,,,,,,1,1,,,,,,,,,,,,,,,,,,,,,,,,,,
262,AAL,bachelor,2,1,,,3,,,,,,,,,,,,,,,,,,,,,,,,,1,1,,,,,,,,,,,,,,,,,,,,,,,,,,
263,CPH,master,,,,,,,,,,,,1,,,,3,2,,,,,,,,,,,,,,,,,,,,,,,,1,,,,1,,,,,,,,,,,,
264,AAL,master,,,,,,,,,,,,1,,,2,,,3,,,,,,,,,,,,,,,,,,,,,,,1,,,1,,,,,,,,,,,,,
265,AAL,master,,,,,,,,,,,,1,,,2,,,3,,,,,,,,,,,,,,,,,,,,,,,1,,,1,,,,,,,,,,,,,
266,AAL,master,,,,,,,,,,,,1,,,2,,,3,,,,,,,,,,,,,,,,,,,,,,,1,,,1,,,,,,,,,,,,,
267,AAL,master,,,,,,,,,,,,3,,,2,1,,,,,,,,,,,,,,,,,,,,,,,,,,,,1,1,,,,,,,,,,,,
268,AAL,master,,,,,,,,,,,,2,,,1,,,3,,,,,,,,,,,,,,,,,,,,,,,1,,,1,,,,,,,,,,,,,
269,AAL,master,,,,,,,,,,,,,,1,,2,3,,,,,,,,,,,,,,,,,,,,,,,,,,1,,1,,,,,,,,,,,,
270,AAL,master,,,,,,,,,,,,,,,1,3,,2,,,,,,,,,,,,,,,,,,,,,,,,,,1,,,1,,,,,,,,,,
271,AAL,master,,,,,,,,,,,1,2,,,,,3,,,,,,,,,,,,,,,,,,,,,,,1,,,,,,,,,,,,,,,,,
272,AAL,master,,,,,,,,,,,,,,2,,1,3,,,,,,,,,,,,,,,,,,,,,,,,,,1,,,,,,,,,,,,,,
273,AAL,master,,,,,,,,,,,,2,,,,1,3,,,,,,,,,,,,,,,,,,,,,,,,1,,,,1,,,,,,,,,,,,
274,AAL,bachelor,2,1,3,,,,,,,,,,,,,,,,,,,,,,,,,,,1,1,,,,,,,,,,,,,,,,,,,,,,,,,,
275,AAL,bachelor,,1,,,3,,,,2,,,,,,,,,,,,,,,,,,,,,,1,,,,,,,1,,,,,,,,,,,,,,,,,,,
276,AAL,bachelor,,1,,,3,,,,2,,,,,,,,,,,,,,,,,,,,,,1,,,,,,,1,,,,,,,,,,,,,,,,,,,
277,AAL,bachelor,,1,,,3,,,,2,,,,,,,,,,,,,,,,,,,,,,1,,,,,,,1,,,,,,,,,,,,,,,,,,,
278,AAL,master,,,,,,,,,,,,1,,,,2,,3,,,,,,,,,,,,,,,,,,,,,,,1,,,,1,,,,,,,,,,,,
279,AAL,bachelor,,1,,,3,,,,2,,,,,,,,,,,,,,,,,,,,,,,,,,,,,1,,,,,,,,,,,,,,,,,,,
280,AAL,master,,,,,,,,,,,,3,,,,1,,2,,,,,,,,,,,,,,,,,,,,,,,,,,,,,1,,,,,,,,,,
281,AAL,bachelor,,1,,,,2,3,,,,,,,,,,,,,,,,,,,,,,,,1,,,,1,,,,,,,,,,,,,,,,,,,,,,
282,AAL,master,,,,,,,,,,,,1,,3,,,,2,,,,,,,,,,,,,,,,,,,,,,,1,,,,,,1,,,,,,,,,,
283,AAL,bachelor,3,1,,,2,,,,,,,,,,,,,,,,,,,,,,,,,,1,,,1,,,,,,,,,,,,,,,,,,,,,,,
284,AAL,master,,,,,,,,,,,1,,,,,,2,,,,,,,,,,,,,,,,,,,,,,,1,,,,,,,,,,,,,,,,,
285,AAL,master,,,,,,,,,,,,,,,,2,,3,,,,,,,,,,,,,,,,,,,,,,,,,,,,,1,,,,,,,,,,
286,AAL,master,,,,,,,,,,,,1,,,2,,3,,,,,,,,,,,,,,,,,,,,,,,,1,,,1,,,,,,,,,,,,,
287,AAL,master,,,,,,,,,,,,3,,1,,,,2,,,,,,,,,,,,,,,,,,,,,,,1,,,,,,1,,,,,,,,,,
288,AAL,master,,,,,,,,,,,,1,,,3,,,2,,,,,,,,,,,,,,,,,,,,,,,1,,,,,,1,,,,,,,,,,
289,AAL,master,,,,,,,,,,,1,2,,,,3,,,,,,,,,,,,,,,,,,,,,,,,1,,,,,,,,,,,,,,,,,
290,AAL,master,,,,,,,,,,,,,,,3,,,1,,,,,,,,,,,,,,,,,,,,,,,,,,1,,,1,,,,,,,,,,
291,AAL,master,,,,,,,,,,,,,,,2,1,3,,,,,,,,,,,,,,,,,,,,,,,,,,,1,1,,,,,,,,,,,,
292,CPH,master,,,,,,,,,,,,2,,,,1,,,,,,,,,,,,,,,,,,,,,,,,,1,,,,1,,,,,,,,,,,,
293,CPH,master,,,,,,,,,,,,3,,2,,1,,,,,,,,,,,,,,,,,,,,,,,,,1,,,,1,,,,,,,,,,,,
294,AAL,bachelor,,,,,1,,2,,,3,,,,,,,,,,,,,,,,,,,,1,,,,1,,,,,,,,,,,,,,,,,,,,,,,
295,AAL,bachelor,,,,,,2,3,1,,,,,,,,,,,,,,,,,,,,,,,,,,,1,,1,,,,,,,,,,,,,,,,,,,,
296,AAL,bachelor,,3,2,,,,1,,,,,,,,,,,,,,,,,,,,,,,,1,,,,,,1,,,,,,,,,,,,,,,,,,,,
297,AAL,master,,,,,,,,,,,,1,,,2,,,3,,,,,,,,,,,,,,,,,,,,,,,1,,,1,,,,,,,,,,,,,
298,AAL,master,,,,,,,,,,,2,,,,3,1,,,,,,,,,,,,,,,,,,,,,,,,,,,,1,1,,,,,,,,,,,,
299,AAL,master,,,,,,,,,,,3,,,1,,,,,,,,,,,,,,,,,,,,,,,,,,,,,1,1,,,,,,,,,,,,,
300,CPH,master,,,,,,,,,,,3,,,,,2,,1,,,,,,,,,,,,,,,,,,,,,,,,,,,,,1,,,,,,,,,,
301,AAL,master,,,,,,,,,,,,,,,,2,,1,,,,,,,,,,,,,,,,,,,,,,,,,,,,,1,,,,,,,,,,
302,AAL,master,,,,,,,,,,,1,,,,,,,2,,,,,,,,,,,,,,,,,,,,,,1,,,,,,,,,,,,,,,,,
303,AAL,master,,,,,,,,,,,1,,,,,2,3,,,,,,,,,,,,,,,,,,,,,,,1,,,,,,,,,,,,,,,,,
304,AAL,master,,,,,,,,,,,1,,,,2,,,3,,,,,,,,,,,,,,,,,,,,,,1,,,,,,,,,,,,,,,,,
305,AAL,master,,,,,,,,,,,,,,,3,1,,,,,,,,,,,,,,,,,,,,,,,,,,,,1,1,,,,,,,,,,,,
306,AAL,master,,,,,,,,,,,,,,,2,1,,3,,,,,,,,,,,,,,,,,,,,,,,,,,1,1,,,,,,,,,,,,
307,AAL,master,,,,,,,,,,,,3,,1,,2,,,,,,,,,,,,,,,,,,,,,,,,,,,1,,1,,,,,,,,,,,,
308,AAL,master,,,,,,,,,,,3,1,,,,2,,,,,,,,,,,,,,,,,,,,,,,,,1,,,,1,,,,,,,,,,,,
309,AAL,bachelor,,,,1,,,3,,2,,,,,,,,,,,,,,,,,,,,,,,,1,,,,,1,,,,,,,,,,,,,,,,,,,
310,AAL,bachelor,1,2,,,,,,3,,,,,,,,,,,,,,,,,,,,,,1,1,,,,,,,,,,,,,,,,,,,,,,,,,,
311,AAL,bachelor,2,3,,,,,,,,1,,,,,,,,,,,,,,,,,,,,1,1,,,,,,,,,,,,,,,,,,,,,,,,,,
312,AAL,bachelor,2,3,,,,,,,,1,,,,,,,,,,,,,,,,,,,,1,1,,,,,,,,,,,,,,,,,,,,,,,,,,
313,AAL,bachelor,2,3,,,,,,,,1,,,,,,,,,,,,,,,,,,,,1,1,,,,,,,,,,,,,,,,,,,,,,,,,,
314,AAL,bachelor,,3,,,,,,,1,2,,,,,,,,,,,,,,,,,,,,,1,,,,,,,,,,,,,,,,,,,,,,,,,,
315,AAL,bachelor,2,3,,,,,,,,1,,,,,,,,,,,,,,,,,,,,1,1,,,,,,,,,,,,,,,,,,,,,,,,,,
316,CPH,master,,,,,,,,,,,,1,,,,,,2,,,,,,,,,,,,,,,,,,,,,,,1,,,,,,1,,,,,,,,,,
317,AAL,master,,,,,,,,,,,,1,,,,2,3,,,,,,,,,,,,,,,,,,,,,,,,1,,,,1,,,,,,,,,,,,
318,AAL,master,,,,,,,,,,,,1,,3,,2,,,,,,,,,,,,,,,,,,,,,,,,,1,,,,1,,,,,,,,,,,,
319,AAL,bachelor,2,1,,,,3,,,,,,,,,,,,,,,,,,,,,,,,1,1,,,,,,,,,,,,,,,,,,,,,,,,,,
320,AAL,bachelor,,,,,,1,,,3,2,,,,,,,,,,,,,,,,,,,,,,,,,1,,,1,,,,,,,,,,,,,,,,,,,
321,AAL,bachelor,,2,,,,,3,,,1,,,,,,,,,,,,,,,,,,,,1,1,,,,,,,,,,,,,,,,,,,,,,,,,,
322,AAL,master,,,,,,,,,,,1,2,,,,,,3,,,,,,,,,,,,,,,,,,,,,,1,,,,,,,,,,,,,,,,,
324,AAL,bachelor,,,,,,,2,,1,3,,,,,,,,,,,,,,,,,,,,1,1,,,,,,,,,,,,,,,,,,,,,,,,,,
325,AAL,bachelor,3,,,,1,,,,,2,,,,,,,,,,,,,,,,,,,,1,,,,1,,,,,,,,,,,,,,,,,,,,,,,
326,AAL,bachelor,3,,,,1,,,,,2,,,,,,,,,,,,,,,,,,,,1,,,,1,,,,,,,,,,,,,,,,,,,,,,,
327,AAL,bachelor,3,,,,1,,,,,2,,,,,,,,,,,,,,,,,,,,1,,,,1,,,,,,,,,,,,,,,,,,,,,,,
328,AAL,bachelor,3,,,,1,,,,,2,,,,,,,,,,,,,,,,,,,,1,,,,1,,,,,,,,,,,,,,,,,,,,,,,
329,AAL,bachelor,,3,,,1,,,,,2,,,,,,,,,,,,,,,,,,,,,1,,,1,,,,,,,,,,,,,,,,,,,,,,,
330,AAL,bachelor,,3,,,1,,,,,2,,,,,,,,,,,,,,,,,,,,,1,,,1,,,,,,,,,,,,,,,,,,,,,,,
331,AAL,bachelor,,,,,2,,,,1,3,,,,,,,,,,,,,,,,,,,,,,,,1,,,,1,,,,,,,,,,,,,,,,,,,
333,AAL,master,,,,,,,,,,,3,2,,1,,,,,,,,,,,,,,,,,,,,,,,,,,,1,,1,,,,,,,,,,,,,,
334,AAL,master,,,,,,,,,,,3,1,,,,,,2,,,,,,,,,,,,,,,,,,,,,,,1,,,,,,1,,,,,,,,,,
335,AAL,master,,,,,,,,,,,,,,,2,1,,3,,,,,,,,,,,,,,,,,,,,,,,,,,1,1,,,,,,,,,,,,
336,AAL,master,,,,,,,,,,,,3,,,,2,,,,,,,,,,,,,,,,,,,,,,,,,1,,,,1,,,,,,,,,,,,
337,AAL,master,,,,,,,,,,,,3,,,,1,,2,,,,,,,,,,,,,,,,,,,,,,,,,,,1,,1,,,,,,,,,,
338,AAL,bachelor,,1,,,,,,,3,2,,,,,,,,,,,,,,,,,,,,,1,,,,,,,1,,,,,,,,,,,,,,,,,,,
339,AAL,master,,,,,,,,,,,,3,,2,,1,,,,,,,,,,,,,,,,,,,,,,,,,,,1,,,,,,,,,,,,,,
340,AAL,bachelor,,3,,,2,,,,1,,,,,,,,,,,,,,,,,,,,,,,,,1,,,,1,,,,,,,,,,,,,,,,,,,
341,AAL,master,,,,,,,,,,,,,,2,3,1,,,,,,,,,,,,,,,,,,,,,,,,,,,1,,,,,,,,,,,,,,
342,AAL,master,,,,,,,,,,,,,,2,3,1,,,,,,,,,,,,,,,,,,,,,,,,,,,1,,,,,,,,,,,,,,
343,AAL,bachelor,2,1,,,,3,,,,,,,,,,,,,,,,,,,,,,,,1,1,,,,,,,,,,,,,,,,,,,,,,,,,,
344,AAL,bachelor,3,1,2,,,,,,,,,,,,,,,,,,,,,,,,,,,1,1,,,,,,,,,,,,,,,,,,,,,,,,,,
345,AAL,bachelor,,3,1,,,,,,2,,,,,,,,,,,,,,,,,,,,,,1,,,,,,,1,,,,,,,,,,,,,,,,,,,
346,AAL,master,,,,,,,,,,,,,,1,,2,,3,,,,,,,,,,,,,,,,,,,,,,,,,,,,,1,,,,,,,,,,
347,AAL,bachelor,2,1,,,3,,,,,,,,,,,,,,,,,,,,,,,,,1,1,,,,,,,,,,,,,,,,,,,,,,,,,,
348,AAL,bachelor,,1,3,,,,,,2,,,,,,,,,,,,,,,,,,,,,,1,,,,,,,1,,,,,,,,,,,,,,,,,,,
349,AAL,bachelor,2,1,,,,3,,,,,,,,,,,,,,,,,,,,,,,,1,1,,,,,,,,,,,,,,,,,,,,,,,,,,
350,AAL,master,,,,,,,,,,,1,,,3,,,2,,,,,,,,,,,,,,,,,,,,,,,1,,,,,,,,,,,,,,,,,
351,AAL,bachelor,1,,,,2,,,,,3,,,,,,,,,,,,,,,,,,,,1,,,,1,,,,,,,,,,,,,,,,,,,,,,,
352,AAL,bachelor,3,,,,1,,,,,2,,,,,,,,,,,,,,,,,,,,1,,,,1,,,,,,,,,,,,,,,,,,,,,,,
353,AAL,bachelor,1,3,,,,,,,2,,,,,,,,,,,,,,,,,,,,,1,,,,,,,,1,,,,,,,,,,,,,,,,,,,
354,AAL,bachelor,,2,,,3,,,,,1,,,,,,,,,,,,,,,,,,,,,1,,,1,,,,,,,,,,,,,,,,,,,,,,,
355,AAL,bachelor,,2,,,3,,,,,1,,,,,,,,,,,,,,,,,,,,,1,,,1,,,,,,,,,,,,,,,,,,,,,,,
356,AAL,bachelor,,2,,,3,,,,,1,,,,,,,,,,,,,,,,,,,,,1,,,1,,,,,,,,,,,,,,,,,,,,,,,
357,AAL,bachelor,1,3,,,,,,,2,,,,,,,,,,,,,,,,,,,,,1,,,,,,,,1,,,,,,,,,,,,,,,,,,,
358,AAL,bachelor,1,2,,,,,3,,,,,,,,,,,,,,,,,,,,,,,1,1,,,,,,,,,,,,,,,,,,,,,,,,,,
359,AAL,bachelor,,,,3,,2,,,,1,,,,,,,,,,,,,,,,,,,,,,,,,1,,1,,,,,,,,,,,,,,,,,,,,
360,AAL,bachelor,,,,1,,3,,,,2,,,,,,,,,,,,,,,,,,,,,1,,1,,,,,,,,,,,,,,,,,,,,,,,,
361,AAL,bachelor,,,,1,,3,,,,2,,,,,,,,,,,,,,,,,,,,,1,,1,,,,,,,,,,,,,,,,,,,,,,,,
362,AAL,bachelor,,,3,1,,,,,,2,,,,,,,,,,,,,,,,,,,,,,,1,,,,,1,,,,,,,,,,,,,,,,,,,
363,AAL,bachelor,,,2,1,,,,,,3,,,,,,,,,,,,,,,,,,,,,1,,1,,,,,,,,,,,,,,,,,,,,,,,,
364,AAL,bachelor,,,3,1,,,,,,2,,,,,,,,,,,,,,,,,,,,,1,,1,,,,,,,,,,,,,,,,,,,,,,,,
366,AAL,master,,,,,,,,,,,,2,,,,,3,1,,,,,,,,,,,,,,,,,,,,,,,1,,,,,,1,,,,,,,,,,
367,AAL,master,,,,,,,,,,,1,,,,,2,,,,,,,,,,,,,,,,,,,,,,,,1,,,,,,,,,,,,,,,,,
368,AAL,master,,,,,,,,,,,,3,,,,1,,2,,,,,,,,,,,,,,,,,,,,,,,,,,,,,1,,,,,,,,,,
369,AAL,bachelor,,,,1,,,3,2,,,,,,,,,,,,,,,,,,,,,,,,,1,,,,1,,,,,,,,,,,,,,,,,,,,
370,CPH,bachelor,3,2,,,,,,,1,,,,,,,,,,,,,,,,,,,,,,1,,,,,,,1,,,,,,,,,,,,,,,,,,,
371,AAL,master,,,,,,,,,,,2,3,,1,,,,,,,,,,,,,,,,,,,,,,,,,,,1,,1,,,,,,,,,,,,,,
372,CPH,master,,,,,,,,,,,3,,,,,2,,1,,,,,,,,,,,,,,,,,,,,,,,,,,,,,1,,,,,,,,,,
373,AAL,master,,,,,,,,,,,,1,,,2,,,3,,,,,,,,,,,,,,,,,,,,,,,1,,,1,,,,,,,,,,,,,
374,AAL,bachelor,,2,,,3,,,,,1,,,,,,,,,,,,,,,,,,,,,1,,,1,,,,,,,,,,,,,,,,,,,,,,,
375,AAL,bachelor,,,3,,,,,1,2,,,,,,,,,,,,,,,,,,,,,,,,,,,,1,1,,,,,,,,,,,,,,,,,,,
376,AAL,master,,,,,,,,,,,1,,,,3,2,,,,,,,,,,,,,,,,,,,,,,,,1,,,,,,,,,,,,,,,,,
377,AAL,master,,,,,,,,,,,2,1,,,,3,,,,,,,,,,,,,,,,,,,,,,,,,1,,,,,,1,,,,,,,,,,
378,AAL,bachelor,,1,,,2,,,3,,,,,,,,,,,,,,,,,,,,,,,1,,,1,,,,,,,,,,,,,,,,,,,,,,,
379,AAL,master,,,,,,,,,,,3,,,,2,1,,,,,,,,,,,,,,,,,,,,,,,,,,,,1,1,,,,,,,,,,,,
380,AAL,master,,,,,,,,,,,,,,,,1,3,2,,,,,,,,,,,,,,,,,,,,,,,,,,,,,,,,,,,,,,,
381,AAL,bachelor,2,3,,,1,,,,,,,,,,,,,,,,,,,,,,,,,1,,,,1,,,,,,,,,,,,,,,,,,,,,,,
382,AAL,bachelor,1,,,3,2,,,,,,,,,,,,,,,,,,,,,,,,,1,,,,1,,,,,,,,,,,,,,,,,,,,,,,
383,AAL,bachelor,2,3,,,1,,,,,,,,,,,,,,,,,,,,,,,,,1,,,,1,,,,,,,,,,,,,,,,,,,,,,,
384,CPH,master,,,,,,,,,,,3,2,,,,,,,,,,,,,,,,,,,,,,,,,,,,,,1,,,1,,,,,,,,,,,,
385,CPH,master,,,,,,,,,,,3,2,,,,,,,,,,,,,,,,,,,,,,,,,,,,,1,1,,,1,,,,,,,,,,,,
386,CPH,master,,,,,,,,,,,,2,,,,3,,,,,,,,,,,,,,,,,,,,,,,,,,,,,,,,,,,,,,,,,
387,ESB,bachelor,,,,,,,,,,,,,,,,,,,,3,,,,2,,,,1,,,,,,,,,,,,,,,,,,,,,1,,,,1,,,,
388,CPH,bachelor,1,3,,,,2,,,,,,,,,,,,,,,,,,,,,,,,1,,,,,1,,,,,,,,,,,,,,,,,,,,,,
390,CPH,bachelor,,2,,3,,,,,1,,,,,,,,,,,,,,,,,,,,,,1,,,,,,,1,,,,,,,,,,,,,,,,,,,
391,AAL,master,,,,,,,,,,,,1,,,,3,,2,,,,,,,,,,,,,,,,,,,,,,,1,,,,,,1,,,,,,,,,,
392,AAL,master,,,,,,,,,,,,,,1,,,2,,,,,,,,,,,,,,,,,,,,,,,,,,1,1,,,,,,,,,,,,,
393,AAL,master,,,,,,,,,,,3,1,,2,,,,,,,,,,,,,,,,,,,,,,,,,,,1,,1,,,,,,,,,,,,,,
394,AAL,bachelor,,,,,2,1,,,,3,,,,,,,,,,,,,,,,,,,,,,,,1,1,,,,,,,,,,,,,,,,,,,,,,
396,AAL,bachelor,,1,,,3,2,,,,,,,,,,,,,,,,,,,,,,,,,1,,,,1,,,,,,,,,,,,,,,,,,,,,,
397,AAL,master,,,,,,,,,,,,3,,1,,,,2,,,,,,,,,,,,,,,,,,,,,,,1,,,,,,1,,,,,,,,,,
398,AAL,master,,,,,,,,,,,,2,,,,1,,3,,,,,,,,,,,,,,,,,,,,,,,,,,,,,,,,,,,,,,,
399,AAL,master,,,,,,,,,,,2,,,3,,,,,,,,,,,,,,,,,,,,,,,,,,,,,1,1,,,,,,,,,,,,,
400,AAL,bachelor,1,2,,,3,,,,,,,,,,,,,,,,,,,,,,,,,1,1,,,,,,,,,,,,,,,,,,,,,,,,,,
401,AAL,master,,,,,,,,,,,3,2,,,,,,,,,,,,,,,,,,,,,,,,,,,,,1,,,,1,,,,,,,,,,,,
402,AAL,bachelor,,1,,,,,3,,,2,,,,,,,,,,,,,,,,,,,,1,1,,,,,,,,,,,,,,,,,,,,,,,,,,
403,AAL,master,,,,,,,,,,,,,,,3,2,,1,,,,,,,,,,,,,,,,,,,,,,,,,,,,,1,,,,,,,,,,
404,AAL,bachelor,3,,,,2,,,,,1,,,,,,,,,,,,,,,,,,,,1,,,,1,,,,,,,,,,,,,,,,,,,,,,,
405,AAL,bachelor,2,,,,,,3,1,,,,,,,,,,,,,,,,,,,,,,1,,,,,,,1,,,,,,,,,,,,,,,,,,,,
406,AAL,bachelor,,1,,,2,,,,3,,,,,,,,,,,,,,,,,,,,,,1,,,1,,,,,,,,,,,,,,,,,,,,,,,
407,AAL,master,,,,,,,,,,,3,,,2,,1,,,,,,,,,,,,,,,,,,,,,,,,,,,1,,,,,,,,,,,,,,
408,AAL,master,,,,,,,,,,,,1,,,,2,3,,,,,,,,,,,,,,,,,,,,,,,,1,,,,1,,,,,,,,,,,,
409,AAL,master,,,,,,,,,,,,,,,2,,3,1,,,,,,,,,,,,,,,,,,,,,,,,,,1,,,1,,,,,,,,,,
410,AAL,bachelor,1,,3,,2,,,,,,,,,,,,,,,,,,,,,,,,,1,,,,1,,,,,,,,,,,,,,,,,,,,,,,
411,AAL,master,,,,,,,,,,,,,,,3,2,,1,,,,,,,,,,,,,,,,,,,,,,,,,,,,,1,,,,,,,,,,
412,AAL,bachelor,3,,,,1,,,,,2,,,,,,,,,,,,,,,,,,,,,,,,1,1,,,,,,,,,,,,,,,,,,,,,,
413,CPH,bachelor,,,,1,,,2,,,3,,,,,,,,,,,,,,,,,,,,,,,,,,,,,,,,,,,,,,,,,,,,,,,
414,AAL,master,,,,,,,,,,,1,,,2,,,,3,,,,,,,,,,,,,,,,,,,,,,1,,,,,,,,,,,,,,,,,
415,CPH,master,,,,,,,,,,,,,,3,2,1,,,,,,,,,,,,,,,,,,,,,,,,,1,,,,1,,1,,,,,,,,,,
416,AAL,master,,,,,,,,,,,1,3,,,,,,,,,,,,,,,,,,,,,,,,,,,,1,,,,,,,,,,,,,,,,,
417,CPH,bachelor,3,2,,,1,,,,,,,,,,,,,,,,,,,,,,,,,1,1,,,,,,,,,,,,,,,,,,,,,,,,,,
418,AAL,master,,,,,,,,,,,2,1,,,,,,,,,,,,,,,,,,,,,,,,,,,,,1,,,,1,,,,,,,,,,,,
419,AAL,master,,,,,,,,,,,,3,,,2,,,1,,,,,,,,,,,,,,,,,,,,,,,,,,1,,,1,,,,,,,,,,
420,AAL,master,,,,,,,,,,,,2,,,,1,,3,,,,,,,,,,,,,,,,,,,,,,,1,,,,1,,,,,,,,,,,,
421,AAL,master,,,,,,,,,,,,3,,,,2,,1,,,,,,,,,,,,,,,,,,,,,,,,,,,,,1,,,,,,,,,,
422,AAL,master,,,,,,,,,,,1,,,2,,,,,,,,,,,,,,,,,,,,,,,,,,1,,,,,,,,,,,,,,,,,
423,CPH,bachelor,2,1,,,3,,,,,,,,,,,,,,,,,,,,,,,,,1,1,,,,,,,,,,,,,,,,,,,,,,,,,,
424,CPH,bachelor,,1,,,,,2,3,,,,,,,,,,,,,,,,,,,,,,,1,,,,,,1,,,,,,,,,,,,,,,,,,,,
425,CPH,bachelor,,,,1,,,2,,3,,,,,,,,,,,,,,,,,,,,,,,,,,,,,1,,,,,,,,,,,,,,,,,,,
426,CPH,bachelor,,,,3,,,1,,,2,,,,,,,,,,,,,,,,,,,,,,,,,,,,,,,,,,,,,,,,,,,,,,,
427,CPH,master,,,,,,,,,,,1,2,,,,,,3,,,,,,,,,,,,,,,,,,,,,,1,,,,,,,,,,,,,,,,,
428,AAL,bachelor,1,2,,,3,,,,,,,,,,,,,,,,,,,,,,,,,1,,,,1,,,,,,,,,,,,,,,,,,,,,,,
429,CPH,bachelor,,,,,3,1,,2,,,,,,,,,,,,,,,,,,,,,,,,,,,1,,1,,,,,,,,,,,,,,,,,,,,
430,CPH,master,,,,,,,,,,,,3,,,,2,,,,,,,,,,,,,,,,,,,,,,,,,,1,,,1,,,,,,,,,,,,
431,AAL,master,,,,,,,,,,,,1,,,,2,,3,,,,,,,,,,,,,,,,,,,,,,,1,,,,1,,,,,,,,,,,,
432,AAL,master,,,,,,,,,,,,3,,,,1,,2,,,,,,,,,,,,,,,,,,,,,,,,,,,1,,1,,,,,,,,,,
433,AAL,master,,,,,,,,,,,,1,,,,3,,2,,,,,,,,,,,,,,,,,,,,,,,1,,,,,,1,,,,,,,,,,
434,AAL,master,,,,,,,,,,,1,2,,,,,,,,,,,,,,,,,,,,,,,,,,,,1,,,,,,,,,,,,,,,,,
435,AAL,bachelor,,,,,1,3,,,,2,,,,,,,,,,,,,,,,,,,,,,,,1,1,,,,,,,,,,,,,,,,,,,,,,
436,AAL,bachelor,,,,,1,3,,,,2,,,,,,,,,,,,,,,,,,,,,,,,1,1,,,,,,,,,,,,,,,,,,,,,,
437,AAL,bachelor,3,,,,,,1,,2,,,,,,,,,,,,,,,,,,,,,1,,,,,,,,1,,,,,,,,,,,,,,,,,,,
438,AAL,bachelor,,,,1,2,3,,,,,,,,,,,,,,,,,,,,,,,,,,,1,1,,,,,,,,,,,,,,,,,,,,,,,
439,AAL,master,,,,,,,,,,,,3,,,,1,,2,,,,,,,,,,,,,,,,,,,,,,,,,,,1,,1,,,,,,,,,,
440,AAL,master,,,,,,,,,,,1,,,,,2,,3,,,,,,,,,,,,,,,,,,,,,,1,,,,,,,,,,,,,,,,,
441,AAL,master,,,,,,,,,,,2,,,,,1,3,,,,,,,,,,,,,,,,,,,,,,,,1,,,,1,,,,,,,,,,,,
442,AAL,bachelor,,3,,1,,,,,,2,,,,,,,,,,,,,,,,,,,,,1,,1,,,,,,,,,,,,,,,,,,,,,,,,
443,AAL,master,,,,,,,,,,,2,,,,3,1,,,,,,,,,,,,,,,,,,,,,,,,,,,,1,1,,,,,,,,,,,,
444,CPH,bachelor,,,,2,,1,3,,,,,,,,,,,,,,,,,,,,,,,,,,,,1,,,,,,,,,,,,,,,,,,,,,,
445,AAL,master,,,,,,,,,,,,,,,2,3,,1,,,,,,,,,,,,,,,,,,,,,,,,,,1,,,1,,,,,,,,,,
446,AAL,master,,,,,,,,,,,1,,,,,2,,3,,,,,,,,,,,,,,,,,,,,,,1,,,,,,,,,,,,,,,,,
447,AAL,bachelor,1,2,3,,,,,,,,,,,,,,,,,,,,,,,,,,,1,1,,,,,,,,,,,,,,,,,,,,,,,,,,
448,CPH,master,,,,,,,,,,,2,1,,,,,,3,,,,,,,,,,,,,,,,,,,,,,1,,,,,,,,,,,,,,,,,
449,AAL,master,,,,,,,,,,,,,,3,2,1,,,,,,,,,,,,,,,,,,,,,,,,,,,,,,,,,,,,,,,,,
450,AAL,master,,,,,,,,,,,1,,,,3,2,,,,,,,,,,,,,,,,,,,,,,,,1,,,,,,,,,,,,,,,,,
451,AAL,master,,,,,,,,,,,,1,,,3,,,2,,,,,,,,,,,,,,,,,,,,,,,1,,,,,,1,,,,,,,,,,
452,AAL,bachelor,3,1,,,2,,,,,,,,,,,,,,,,,,,,,,,,,,1,,,1,,,,,,,,,,,,,,,,,,,,,,,
453,AAL,bachelor,,,3,2,,1,,,,,,,,,,,,,,,,,,,,,,,,,1,,,,1,,,,,,,,,,,,,,,,,,,,,,
454,CPH,bachelor,,2,1,,,3,,,,,,,,,,,,,,,,,,,,,,,,,1,,,,,,1,,,,,,,,,,,,,,,,,,,,
456,AAL,master,,,,,,,,,,,,,,,2,3,,1,,,,,,,,,,,,,,,,,,,,,,,,,,1,,,1,,,,,,,,,,
457,AAL,bachelor,,2,,,,3,,,1,,,,,,,,,,,,,,,,,,,,,,1,,,,,,,1,,,,,,,,,,,,,,,,,,,
458,AAL,master,,,,,,,,,,,1,,,,3,2,,,,,,,,,,,,,,,,,,,,,,,,1,,,,,,,,,,,,,,,,,
459,AAL,bachelor,,2,,,,,,,1,3,,,,,,,,,,,,,,,,,,,,,1,,,,,,,1,,,,,,,,,,,,,,,,,,,
460,ESB,master,,,,,,,,,,,,3,,,,,1,2,,,,,,,,,,,,,,,,,,,,,,,1,,,,1,,,,,,,,,,,,
461,CPH,master,,,,,,,,,,,1,2,,,,3,,,,,,,,,,,,,,,,,,,,,,,,1,,,,,,,,,,,,,,,,,
462,AAL,bachelor,1,3,,,2,,,,,,,,,,,,,,,,,,,,,,,,,1,,,,1,,,,,,,,,,,,,,,,,,,,,,,
463,AAL,bachelor,,2,,,,3,,,1,,,,,,,,,,,,,,,,,,,,,,1,,,,,,,1,,,,,,,,,,,,,,,,,,,
464,AAL,bachelor,,1,,,3,2,,,,,,,,,,,,,,,,,,,,,,,,,1,,,,1,,,,,,,,,,,,,,,,,,,,,,
465,CPH,master,,,,,,,,,,,,3,,,,,,2,,,,,,,,,,,,,,,,,,,,,,,,1,,,,,1,,,,,,,,,,
466,AAL,bachelor,,2,,,3,,,,1,,,,,,,,,,,,,,,,,,,,,,1,,,,,,,1,,,,,,,,,,,,,,,,,,,
467,AAL,bachelor,,1,,,,,,2,3,,,,,,,,,,,,,,,,,,,,,,1,,,,,,1,,,,,,,,,,,,,,,,,,,,
468,AAL,master,,,,,,,,,,,3,,,,2,1,,,,,,,,,,,,,,,,,,,,,,,,,,,,1,1,,,,,,,,,,,,
469,ESB,bachelor,,,,,,,,,,,,,,,,,,,3,,,2,,1,,,,,,,,,,,,,,,,,,,,,,,,,1,,,,1,,,,
470,CPH,master,,,,,,,,,,,3,1,,,,,,2,,,,,,,,,,,,,,,,,,,,,,,1,,,,,,1,,,,,,,,,,
471,CPH,bachelor,2,1,,,,,,3,,,,,,,,,,,,,,,,,,,,,,1,1,,,,,,,,,,,,,,,,,,,,,,,,,,
472,AAL,master,,,,,,,,,,,,1,,,,3,,2,,,,,,,,,,,,,,,,,,,,,,,1,,,,,,1,,,,,,,,,,
473,AAL,master,,,,,,,,,,,,,,2,1,3,,,,,,,,,,,,,,,,,,,,,,,,,,,1,1,,,,,,,,,,,,,
474,AAL,master,,,,,,,,,,,3,1,,,,,,2,,,,,,,,,,,,,,,,,,,,,,,1,,,,,,1,,,,,,,,,,
475,CPH,master,,,,,,,,,,,,,,,,2,,1,,,,,,,,,,,,,,,,,,,,,,,,1,,,,,1,,,,,,,,,,
476,CPH,master,,,,,,,,,,,,,,,,1,,2,,,,,,,,,,,,,,,,,,,,,,,,1,,,1,,,,,,,,,,,,
477,CPH,master,,,,,,,,,,,1,,,,,,3,2,,,,,,,,,,,,,,,,,,,,,,1,,,,,,,,,,,,,,,,,
478,AAL,master,,,,,,,,,,,,1,,,3,,,2,,,,,,,,,,,,,,,,,,,,,,,1,,,,,,1,,,,,,,,,,
479,AAL,bachelor,,,,2,,,,1,3,,,,,,,,,,,,,,,,,,,,,,,,1,,,,1,,,,,,,,,,,,,,,,,,,,
480,AAL,master,,,,,,,,,,,1,2,,,,,,,,,,,,,,,,,,,,,,,,,,,,1,,,,,,,,,,,,,,,,,
481,AAL,bachelor,3,,,,,,,2,,1,,,,,,,,,,,,,,,,,,,,1,,,,,,,1,,,,,,,,,,,,,,,,,,,,
482,CPH,master,,,,,,,,,,,,,,,3,2,,1,,,,,,,,,,,,,,,,,,,,,,,1,,,,,,1,,,,,,,,,,
483,AAL,bachelor,2,1,3,,,,,,,,,,,,,,,,,,,,,,,,,,,1,1,,,,,,,,,,,,,,,,,,,,,,,,,,
484,AAL,bachelor,1,3,,,,,,2,,,,,,,,,,,,,,,,,,,,,,1,,,,,,,1,,,,,,,,,,,,,,,,,,,,
485,AAL,master,,,,,,,,,,,,,,,1,2,,3,,,,,,,,,,,,,,,,,,,,,,,,,,1,,,,,,,,,,,,,
486,AAL,bachelor,,2,1,,,,3,,,,,,,,,,,,,,,,,,,,,,,1,1,,,,,,,,,,,,,,,,,,,,,,,,,,
487,AAL,master,,,,,,,,,,,,1,,,3,,,2,,,,,,,,,,,,,,,,,,,,,,,1,,,,,,1,,,,,,,,,,
488,AAL,master,,,,,,,,,,,,1,,,3,,,2,,,,,,,,,,,,,,,,,,,,,,,1,,,,,,1,,,,,,,,,,
489,AAL,master,,,,,,,,,,,,3,,,2,,,1,,,,,,,,,,,,,,,,,,,,,,,,,,1,,,1,,,,,,,,,,
490,AAL,master,,,,,,,,,,,,1,,,,2,,,,,,,,,,,,,,,,,,,,,,,,,,,,,1,,,,,,,,,,,,
491,ESB,master,,,,,,,,,,,,2,,3,,,,1,,,,,,,,,,,,,,,,,,,,,,,1,,,,1,,,,,,,,,,,,
492,AAL,bachelor,,,3,,,,,1,2,,,,,,,,,,,,,,,,,,,,,,,,,,,,1,1,,,,,,,,,,,,,,,,,,,
494,AAL,master,,,,,,,,,,,,1,,,,,3,2,,,,,,,,,,,,,,,,,,,,,,,,,,,,,,,,,,,,,,,
495,CPH,bachelor,,,,,,2,3,,1,,,,,,,,,,,,,,,,,,,,,,,,,,1,,,1,,,,,,,,,,,,,,,,,,,
497,CPH,master,,,,,,,,,,,,,,,3,1,,2,,,,,,,,,,,,,,,,,,,,,,,1,,,,1,,,,,,,,,,,,
498,AAL,master,,,,,,,,,,,1,3,,,,,,2,,,,,,,,,,,,,,,,,,,,,,1,,,,,,,,,,,,,,,,,
500,AAL,master,,,,,,,,,,,1,,,,,,3,2,,,,,,,,,,,,,,,,,,,,,,1,,,,,,,,,,,,,,,,,
501,AAL,bachelor,,3,,,,,1,2,,,,,,,,,,,,,,,,,,,,,,,1,,,,,,1,,,,,,,,,,,,,,,,,,,,
502,AAL,master,,,,,,,,,,,1,,,,,3,,2,,,,,,,,,,,,,,,,,,,,,,1,,,,,,,,,,,,,,,,,
503,AAL,master,,,,,,,,,,,1,,,,,3,,2,,,,,,,,,,,,,,,,,,,,,,1,,,,,,,,,,,,,,,,,
504,AAL,bachelor,,1,,,,,,,2,3,,,,,,,,,,,,,,,,,,,,,1,,,,,,,1,,,,,,,,,,,,,,,,,,,
505,CPH,master,,,,,,,,,,,1,,,,2,,,3,,,,,,,,,,,,,,,,,,,,,,1,,,,,,,,,,,,,,,,,
506,AAL,bachelor,3,1,,,,,2,,,,,,,,,,,,,,,,,,,,,,,1,1,,,,,,,,,,,,,,,,,,,,,,,,,,
507,AAL,bachelor,1,2,,,3,,,,,,,,,,,,,,,,,,,,,,,,,1,1,,,,,,,,,,,,,,,,,,,,,,,,,,
508,AAL,bachelor,3,1,,,,,,2,,,,,,,,,,,,,,,,,,,,,,,1,,,,,,1,,,,,,,,,,,,,,,,,,,,
509,CPH,bachelor,,3,,,1,,,,,2,,,,,,,,,,,,,,,,,,,,1,1,,,,,,,,,,,,,,,,,,,,,,,,,,
510,CPH,bachelor,,2,,,,3,,1,,,,,,,,,,,,,,,,,,,,,,,1,,,,,,1,,,,,,,,,,,,,,,,,,,,
511,CPH,master,,,,,,,,,,,2,,,,,3,,,,,,,,,,,,,,,,,,,,,,,,1,,1,,,1,,,,,,,,,,,,
512,AAL,bachelor,,,,,,2,,,3,1,,,,,,,,,,,,,,,,,,,,,,,,,1,,,1,,,,,,,,,,,,,,,,,,,
513,ESB,master,,,,,,,,,,,,3,,1,2,,,,,,,,,,,,,,,,,,,,,,,,,,1,,,,1,,,,,,,,,,,,
514,AAL,master,,,,,,,,,,,,2,,,,1,,3,,,,,,,,,,,,,,,,,,,,,,,,,,,1,,,,,,,,,,,,
515,CPH,master,,,,,,,,,,,1,,,2,,3,,,,,,,,,,,,,,,,,,,,,,,,1,,,,,,,,,,,,,,,,,
516,AAL,master,,,,,,,,,,,,2,,,,,3,,,,,,,,,,,,,,,,,,,,,,,,,,,,1,,,,,,,,,,,,
517,AAL,master,,,,,,,,,,,,1,,,2,,,3,,,,,,,,,,,,,,,,,,,,,,,1,,,1,,,,,,,,,,,,,
518,AAL,master,,,,,,,,,,,,2,,1,,,,,,,,,,,,,,,,,,,,,,,,,,,1,,1,,,,,,,,,,,,,,
519,AAL,master,,,,,,,,,,,1,,,,,,2,3,,,,,,,,,,,,,,,,,,,,,,1,,,,,,,,,,,,,,,,,
520,AAL,master,,,,,,,,,,,3,,,,2,1,,,,,,,,,,,,,,,,,,,,,,,,,,,,1,1,,,,,,,,,,,,
521,ESB,master,,,,,,,,,,,,2,,,1,3,,,,,,,,,,,,,,,,,,,,,,,,,1,,,,1,,,,,,,,,,,,
522,AAL,master,,,,,,,,,,,,,,,,2,1,3,,,,,,,,,,,,,,,,,,,,,,,,,,,1,,1,,,,,,,,,,
523,AAL,master,,,,,,,,,,,2,3,,,1,,,,,,,,,,,,,,,,,,,,,,,,,,1,,,1,,,,,,,,,,,,,
524,AAL,bachelor,,3,,,,,,2,1,,,,,,,,,,,,,,,,,,,,,,,,,,,,1,1,,,,,,,,,,,,,,,,,,,
525,AAL,master,,,,,,,,,,,,2,,,,3,,1,,,,,,,,,,,,,,,,,,,,,,,1,,,,,,1,,,,,,,,,,
526,AAL,master,,,,,,,,,,,1,2,,,,3,,,,,,,,,,,,,,,,,,,,,,,,1,,,,,,,,,,,,,,,,,
527,CPH,bachelor,,3,,,,,,1,,2,,,,,,,,,,,,,,,,,,,,,1,,,,,,1,,,,,,,,,,,,,,,,,,,,
528,AAL,master,,,,,,,,,,,1,3,,,,,,,,,,,,,,,,,,,,,,,,,,,,1,,,,,,,,,,,,,,,,,
529,CPH,master,,,,,,,,,,,,1,,,3,,,2,,,,,,,,,,,,,,,,,,,,,,,1,,,,,,1,,,,,,,,,,
530,ESB,bachelor,,,,,,,,,,,,,,,,,,,,1,3,,,2,,,,,,,,,,,,,,,,,,,,,,,,,1,,,,1,,,,
531,AAL,master,,,,,,,,,,,1,,,,2,3,,,,,,,,,,,,,,,,,,,,,,,,1,,,,,,,,,,,,,,,,,
532,AAL,master,,,,,,,,,,,1,,,,3,2,,,,,,,,,,,,,,,,,,,,,,,,1,,,,,,,,,,,,,,,,,
533,AAL,master,,,,,,,,,,,2,1,,,,,,,,,,,,,,,,,,,,,,,,,,,,,,,,,1,,,,,,,,,,,,
534,AAL,bachelor,,2,,3,,,,,1,,,,,,,,,,,,,,,,,,,,,,1,,,,,,,1,,,,,,,,,,,,,,,,,,,
535,AAL,master,,,,,,,,,,,1,,,3,,,,2,,,,,,,,,,,,,,,,,,,,,,1,,,,,,,,,,,,,,,,,
536,AAL,master,,,,,,,,,,,,1,,,,3,2,,,,,,,,,,,,,,,,,,,,,,,,,,,,1,,,,,,,,,,,,
537,AAL,master,,,,,,,,,,,1,,,,,3,,2,,,,,,,,,,,,,,,,,,,,,,1,,,,,,,,,,,,,,,,,
538,AAL,master,,,,,,,,,,,,2,,,,1,,3,,,,,,,,,,,,,,,,,,,,,,,,,,,1,,,,,,,,,,,,
539,CPH,bachelor,,2,,,1,,,,3,,,,,,,,,,,,,,,,,,,,,,1,,,,,,,1,,,,,,,,,,,,,,,,,,,
540,AAL,bachelor,2,3,,,,,,,1,,,,,,,,,,,,,,,,,,,,,1,,,,,,,,1,,,,,,,,,,,,,,,,,,,
541,AAL,master,,,,,,,,,,,,1,,,,3,,2,,,,,,,,,,,,,,,,,,,,,,,1,,,,,,1,,,,,,,,,,
542,AAL,bachelor,,2,3,,,,,,,1,,,,,,,,,,,,,,,,,,,,1,1,,,,,,,,,,,,,,,,,,,,,,,,,,
543,CPH,bachelor,2,,,1,3,,,,,,,,,,,,,,,,,,,,,,,,,1,,,,,1,,,,,,,,,,,,,,,,,,,,,,
544,CPH,bachelor,3,,,1,2,,,,,,,,,,,,,,,,,,,,,,,,,1,,,,,1,,,,,,,,,,,,,,,,,,,,,,
545,CPH,bachelor,2,,,1,3,,,,,,,,,,,,,,,,,,,,,,,,,1,,,,,1,,,,,,,,,,,,,,,,,,,,,,
546,CPH,bachelor,2,,,1,,3,,,,,,,,,,,,,,,,,,,,,,,,1,,,,,1,,,,,,,,,,,,,,,,,,,,,,
547,CPH,bachelor,2,,,1,,3,,,,,,,,,,,,,,,,,,,,,,,,1,,,,,1,,,,,,,,,,,,,,,,,,,,,,
548,AAL,master,,,,,,,,,,,2,1,,,,,3,,,,,,,,,,,,,,,,,,,,,,,,,,,,,,,,,,,,,,,,
549,AAL,master,,,,,,,,,,,2,3,,,,,,,,,,,,,,,,,,,,,,,,,,,,,,,,,,,,,,,,,,,,,
550,AAL,master,,,,,,,,,,,2,1,,,,,,,,,,,,,,,,,,,,,,,,,,,,,,,,,,,,,,,,,,,,,
551,AAL,bachelor,,,1,,,,,,2,3,,,,,,,,,,,,,,,,,,,,,1,,,,,,,1,,,,,,,,,,,,,,,,,,,
552,AAL,bachelor,2,1,,,,,3,,,,,,,,,,,,,,,,,,,,,,,1,1,,,,,,,,,,,,,,,,,,,,,,,,,,
553,AAL,master,,,,,,,,,,,,,,,3,2,,1,,,,,,,,,,,,,,,,,,,,,,,,,,,1,,1,,,,,,,,,,
554,AAL,master,,,,,,,,,,,1,,,,,2,,3,,,,,,,,,,,,,,,,,,,,,,1,,,,,,,,,,,,,,,,,
555,AAL,master,,,,,,,,,,,1,,,,,2,,3,,,,,,,,,,,,,,,,,,,,,,1,,,,,,,,,,,,,,,,,
556,CPH,bachelor,,,3,,,1,,,,2,,,,,,,,,,,,,,,,,,,,,,,,,1,,1,,,,,,,,,,,,,,,,,,,,
558,AAL,master,,,,,,,,,,,1,,,,,2,,3,,,,,,,,,,,,,,,,,,,,,,1,,,,,,,,,,,,,,,,,
559,AAL,bachelor,,,,3,,,,,2,1,,,,,,,,,,,,,,,,,,,,,,,1,,,,,1,,,,,,,,,,,,,,,,,,,
560,AAL,bachelor,,1,,,,,,,3,2,,,,,,,,,,,,,,,,,,,,,1,,,,,,,1,,,,,,,,,,,,,,,,,,,
561,CPH,master,,,,,,,,,,,1,,,,,,3,,,,,,,,,,,,,,,,,,,,,,,1,,,,,,,,,,,,,,,,,
562,AAL,bachelor,,2,,,,,,3,1,,,,,,,,,,,,,,,,,,,,,,1,,,,,,,1,,,,,,,,,,,,,,,,,,,
563,AAL,bachelor,,1,,,,,3,,,2,,,,,,,,,,,,,,,,,,,,,1,,,,1,,,,,,,,,,,,,,,,,,,,,,
564,ESB,bachelor,,,,,,,,,,,,,,,,,,,1,2,3,,,,,,,,,,,,,,,,,,,,,,,,,,,,1,,,,1,,,,
565,AAL,master,,,,,,,,,,,3,2,,,1,,,,,,,,,,,,,,,,,,,,,,,,,,1,,,1,,,,,,,,,,,,,
566,AAL,bachelor,2,3,,,1,,,,,,,,,,,,,,,,,,,,,,,,,,1,,,1,,,,,,,,,,,,,,,,,,,,,,,
567,AAL,master,,,,,,,,,,,,3,,,,1,,2,,,,,,,,,,,,,,,,,,,,,,,,,,,,,,,,,,,,,,,
568,AAL,bachelor,,,2,1,,,,,,3,,,,,,,,,,,,,,,,,,,,,,,,,,,,,,,,,,,,,,,,,,,,,,,
569,AAL,bachelor,1,2,,,,,,3,,,,,,,,,,,,,,,,,,,,,,1,,,,,,,1,,,,,,,,,,,,,,,,,,,,
570,AAL,master,,,,,,,,,,,,,,,3,1,2,,,,,,,,,,,,,,,,,,,,,,,,,,,,,,,,,,,,,,,,
572,AAL,bachelor,,,,,1,,,2,3,,,,,,,,,,,,,,,,,,,,,,,,,,,,,,,,,,,,,,,,1,,,,1,,,,
573,AAL,bachelor,,,,1,,2,,,,3,,,,,,,,,,,,,,,,,,,,,,,,,,,,,,,,,,,,,,,,,,,,,,,
574,AAL,bachelor,,1,,,2,,,,3,,,,,,,,,,,,,,,,,,,,,,,,,,,,,,,,,,,,,,,,,,,,,,,,
575,AAL,master,,,,,,,,,,,3,,,,,2,,1,,,,,,,,,,,,,,,,,,,,,,,,,,,,,,,,,,,,,,,
576,AAL,bachelor,,1,,,,3,,,2,,,,,,,,,,,,,,,,,,,,,,1,,,,,,1,,,,,,,,,,,,,,,,,,,,
577,CPH,master,,,,,,,,,,,1,2,,,,,,,,,,,,,,,,,,,,,,,,,,,,,1,,,,1,,,,,,,,,,,,
578,ESB,bachelor,,,,,,,,,,,,,,,,,,,,3,,1,,2,,,,,,,,,,,,,,,,,,,,,,,,,1,,,,1,,,,
579,AAL,bachelor,,1,,2,,,3,,,,,,,,,,,,,,,,,,,,,,,,1,,,,,,,1,,,,,,,,,,,,,,,,,,,
580,AAL,bachelor,,2,,3,,1,,,,,,,,,,,,,,,,,,,,,,,,,1,,,,,,1,,,,,,,,,,,,,,,,,,,,
581,AAL,master,,,,,,,,,,,1,,,,2,,3,,,,,,,,,,,,,,,,,,,,,,,,,,,,,,,,,,,,,,,,
582,AAL,bachelor,3,1,,,2,,,,,,,,,,,,,,,,,,,,,,,,,,1,,,1,,,,,,,,,,,,,,,,,,,,,,,
583,AAL,bachelor,,,1,3,2,,,,,,,,,,,,,,,,,,,,,,,,,,,,,,,,,,,,,,,,,,,,,,,,,,,,
584,AAL,master,,,,,,,,,,,3,,,,,2,,,,,,,,,,,,,,,,,,,,,,,,,,,,,,,,,,,,,,,,,
585,AAL,bachelor,,3,,,,1,,,2,,,,,,,,,,,,,,,,,,,,,,,,,,,,,,,,,,,,,,,,,,,,,,,,
586,AAL,bachelor,,3,,,,,,1,2,,,,,,,,,,,,,,,,,,,,,,,,,,,,,,,,,,,,,,,,,,,,,,,,
587,AAL,bachelor,,2,,,,,,3,1,,,,,,,,,,,,,,,,,,,,,,1,,,,,,,1,,,,,,,,,,,,,,,,,,,
588,AAL,bachelor,,1,,,,,,3,2,,,,,,,,,,,,,,,,,,,,,,1,,,,,,,1,,,,,,,,,,,,,,,,,,,
589,AAL,bachelor,2,3,,,,,,,,1,,,,,,,,,,,,,,,,,,,,,,,,,,,,,,,,,,,,,,,,,,,,,,,
590,AAL,bachelor,,2,,,,,,3,,1,,,,,,,,,,,,,,,,,,,,,,,,,,,,,,,,,,,,,,,,,,,,,,,
591,AAL,bachelor,2,,,,3,,,,,1,,,,,,,,,,,,,,,,,,,,,,,,,,,,,,,,,,,,,,,,,,,,,,,
592,AAL,master,,,,,,,,,,,1,,,,3,,2,,,,,,,,,,,,,,,,,,,,,,,1,,,,,,,,,,,,,,,,,
593,AAL,master,,,,,,,,,,,1,,,,,3,,,,,,,,,,,,,,,,,,,,,,,,1,,,,,,,,,,,,,,,,,
594,CPH,master,,,,,,,,,,,3,2,,,,,,1,,,,,,,,,,,,,,,,,,,,,,,1,,,,,,1,,,,,,,,,,
595,AAL,master,,,,,,,,,,,,1,,,2,3,,,,,,,,,,,,,,,,,,,,,,,,,,,,,,,,,,,,,,,,,
596,AAL,bachelor,1,,,,3,,,,,2,,,,,,,,,,,,,,,,,,,,1,,,,1,,,,,,,,,,,,,,,,,,,,,,,
597,AAL,master,,,,,,,,,,,1,3,,,,,2,,,,,,,,,,,,,,,,,,,,,,,,,,,,,,,,,,,,,,,,
598,AAL,bachelor,,1,,3,2,,,,,,,,,,,,,,,,,,,,,,,,,,1,,,,,,1,,,,,,,,,,,,,,,,,,,,
599,AAL,master,,,,,,,,,,,1,,,,,2,,3,,,,,,,,,,,,,,,,,,,,,,,,,,,,,,,,,,,,,,,
600,AAL,bachelor,,,,,,,,1,2,3,,,,,,,,,,,,,,,,,,,,,,,,,,,1,1,,,,,,,,,,,,,,,,,,,
601,AAL,master,,,,,,,,,,,,,,,3,2,,1,,,,,,,,,,,,,,,,,,,,,,,,,,,1,,1,,,,,,,,,,
602,AAL,master,,,,,,,,,,,,,,,2,1,,3,,,,,,,,,,,,,,,,,,,,,,,,,,,,,,,,,,,,,,,
603,AAL,bachelor,,2,,,,3,1,,,,,,,,,,,,,,,,,,,,,,,,,,,,,,,,,,,,,,,,,,,,,,,,,,
604,AAL,bachelor,,,,,3,,,,1,2,,,,,,,,,,,,,,,,,,,,,,,,1,,,,1,,,,,,,,,,,,,,,,,,,
606,AAL,bachelor,,2,1,,,,,,3,,,,,,,,,,,,,,,,,,,,,,1,,,,,,,1,,,,,,,,,,,,,,,,,,,
607,AAL,master,,,,,,,,,,,,2,,,,,1,3,,,,,,,,,,,,,,,,,,,,,,,1,,,,,,1,,,,,,,,,,
608,AAL,bachelor,1,,,,,2,,,3,,,,,,,,,,,,,,,,,,,,,,,,,,,,,,,,,,,,,,,,,,,,,,,,
609,AAL,master,,,,,,,,,,,2,3,,,,1,,,,,,,,,,,,,,,,,,,,,,,,,,,,,,,,,,,,,,,,,
610,AAL,master,,,,,,,,,,,1,,,,,2,,,,,,,,,,,,,,,,,,,,,,,,,,,,,,,,,,,,,,,,,
611,AAL,bachelor,,,,,,,,3,1,2,,,,,,,,,,,,,,,,,,,,,,,,,,,1,1,,,,,,,,,,,,,,,,,,,
612,AAL,bachelor,,,,,,,,3,1,2,,,,,,,,,,,,,,,,,,,,,,,,,,,1,1,,,,,,,,,,,,,,,,,,,
613,CPH,master,,,,,,,,,,,,1,,,3,,,2,,,,,,,,,,,,,,,,,,,,,,,1,,,,,,1,,,,,,,,,,
614,AAL,master,,,,,,,,,,,1,,,,,3,,,,,,,,,,,,,,,,,,,,,,,,1,,,,,,,,,,,,,,,,,
615,AAL,bachelor,,,,,,2,,3,,1,,,,,,,,,,,,,,,,,,,,,,,,,,,,,,,,,,,,,,,,,,,,,,,
616,AAL,bachelor,,,,1,2,,,,,3,,,,,,,,,,,,,,,,,,,,,,,1,1,,,,,,,,,,,,,,,,,,,,,,,
617,AAL,bachelor,,,,1,2,,,,,3,,,,,,,,,,,,,,,,,,,,,,,1,1,,,,,,,,,,,,,,,,,,,,,,,
618,CPH,bachelor,,,1,,3,2,,,,,,,,,,,,,,,,,,,,,,,,,,,,,,,,,,,,,,,,,,,,,,,,,,,
619,CPH,master,,,,,,,,,,,1,,,,,2,,,,,,,,,,,,,,,,,,,,,,,,1,,,,,,,,,,,,,,,,,
620,CPH,master,,,,,,,,,,,,1,,,2,,,3,,,,,,,,,,,,,,,,,,,,,,,1,,,,,,1,,,,,,,,,,
621,AAL,bachelor,,,,,3,,2,,,1,,,,,,,,,,,,,,,,,,,,,,,,1,1,,,,,,,,,,,,,,,,,,,,,,
622,CPH,bachelor,3,,,,,,,,2,1,,,,,,,,,,,,,,,,,,,,,,,,,,,,1,,,,,,,,,,,,,,,,,,,
623,AAL,master,,,,,,,,,,,3,1,,2,,,,,,,,,,,,,,,,,,,,,,,,,,,,,,,,,,,,,,,,,,,
625,CPH,master,,,,,,,,,,,3,2,,,,,,1,,,,,,,,,,,,,,,,,,,,,,,1,,,,,,1,,,,,,,,,,
626,AAL,master,,,,,,,,,,,,,,,3,1,,2,,,,,,,,,,,,,,,,,,,,,,,,,,,,,,,,,,,,,,,
627,AAL,master,,,,,,,,,,,,2,,,3,,,1,,,,,,,,,,,,,,,,,,,,,,,1,,,,,,1,,,,,,,,,,
628,AAL,master,,,,,,,,,,,,,,,3,,1,2,,,,,,,,,,,,,,,,,,,,,,,,,,1,,,1,,,,,,,,,,
629,AAL,bachelor,,2,,,3,,,,1,,,,,,,,,,,,,,,,,,,,,,,,,,,,,,,,,,,,,,,,,,,,,,,,
630,AAL,bachelor,,,,3,,1,,,,2,,,,,,,,,,,,,,,,,,,,,,,,,1,,1,,,,,,,,,,,,,,,,,,,,
631,AAL,master,,,,,,,,,,,,,,2,3,1,,,,,,,,,,,,,,,,,,,,,,,,,,,1,,,,,,,,,,,,,,
632,AAL,master,,,,,,,,,,,,,,,,3,2,,,,,,,,,,,,,,,,,,,,,,,,,,,,,,,,,,,,,,,,
633,AAL,master,,,,,,,,,,,,,,,,,2,1,,,,,,,,,,,,,,,,,,,,,,,,,,,,,1,,,,,,,,,,
634,AAL,master,,,,,,,,,,,,,,3,,,2,1,,,,,,,,,,,,,,,,,,,,,,,1,,,,,,1,,,,,,,,,,
635,AAL,bachelor,3,,,,1,,,,2,,,,,,,,,,,,,,,,,,,,,,,,,1,,,,1,,,,,,,,,,,,,,,,,,,
636,CPH,master,,,,,,,,,,,1,,,3,,,,2,,,,,,,,,,,,,,,,,,,,,,1,,,,,,,,,,,,,,,,,
637,AAL,master,,,,,,,,,,,1,2,,,,,,3,,,,,,,,,,,,,,,,,,,,,,1,,,,,,,,,,,,,,,,,
638,AAL,bachelor,1,,3,,,2,,,,,,,,,,,,,,,,,,,,,,,,,,,,,,,,,,,,,,,,,,,,,,,,,,,
639,AAL,master,,,,,,,,,,,2,1,,,,,,,,,,,,,,,,,,,,,,,,,,,,,,,,,,,,,,,,,,,,,
640,ESB,bachelor,,,,,,,,,,,,,3,,,,,,1,2,,,,,,,,,,,,,,,,,,,,,,,,,,,,,1,,,,1,,,,
641,AAL,bachelor,3,,2,1,,,,,,,,,,,,,,,,,,,,,,,,,,,1,,1,,,,,,,,,,,,,,,,,,,,,,,,
642,AAL,bachelor,,,,,2,,3,1,,,,,,,,,,,,,,,,,,,,,,1,,,,,,,1,,,,,,,,,,,,,,,,,,,,
643,AAL,bachelor,,,,2,,3,,1,,,,,,,,,,,,,,,,,,,,,,,,,1,,,,1,,,,,,,,,,,,,,,,,,,,
644,CPH,master,,,,,,,,,,,,3,,,1,,,2,,,,,,,,,,,,,,,,,,,,,,,1,,,,,,1,,,,,,,,,,
645,CPH,bachelor,,1,,,,3,,,,2,,,,,,,,,,,,,,,,,,,,,1,,,,,,1,,,,,,,,,,,,,,,,,,,,
646,AAL,master,,,,,,,,,,,,,,,3,1,,2,,,,,,,,,,,,,,,,,,,,,,,,,,,1,,1,,,,,,,,,,
647,CPH,bachelor,1,,,,2,,,,3,,,,,,,,,,,,,,,,,,,,,1,1,,,,,,,,,,,,,,,,,,,,,,,,,,
648,CPH,bachelor,,,2,1,,3,,,,,,,,,,,,,,,,,,,,,,,,,,,,,1,,,1,,,,,,,,,,,,,,,,,,,
649,CPH,bachelor,,3,,,,,,2,1,,,,,,,,,,,,,,,,,,,,,,1,,,,,,,1,,,,,,,,,,,,,,,,,,,
650,CPH,bachelor,3,,1,,,2,,,,,,,,,,,,,,,,,,,,,,,,1,,,,,1,,,,,,,,,,,,,,,,,,,,,,
651,CPH,bachelor,,1,2,,,3,,,,,,,,,,,,,,,,,,,,,,,,,1,,,,,,,1,,,,,,,,,,,,,,,,,,,
652,CPH,bachelor,,3,,,,,,1,2,,,,,,,,,,,,,,,,,,,,,,1,,,,,,1,,,,,,,,,,,,,,,,,,,,
653,CPH,bachelor,,,,,,3,,1,2,,,,,,,,,,,,,,,,,,,,,,,,,,1,,1,,,,,,,,,,,,,,,,,,,,
654,CPH,bachelor,,,,,,3,,2,1,,,,,,,,,,,,,,,,,,,,,,,,,,1,,,1,,,,,,,,,,,,,,,,,,,
655,CPH,bachelor,,,,,,3,,1,2,,,,,,,,,,,,,,,,,,,,,,,,,,1,,1,,,,,,,,,,,,,,,,,,,,
656,AAL,master,,,,,,,,,,,,,,,,1,2,3,,,,,,,,,,,,,,,,,,,,,,,,,,,1,,1,,,,,,,,,,
658,AAL,master,,,,,,,,,,,,2,,,,1,,3,,,,,,,,,,,,,,,,,,,,,,,,,,,,,,,,,,,,,,,
659,AAL,master,,,,,,,,,,,,3,,,,1,,2,,,,,,,,,,,,,,,,,,,,,,,,,,,1,,1,,,,,,,,,,
660,AAL,master,,,,,,,,,,,,,,2,,3,,1,,,,,,,,,,,,,,,,,,,,,,,,,1,,,,1,,,,,,,,,,
661,AAL,master,,,,,,,,,,,3,,,,2,1,,,,,,,,,,,,,,,,,,,,,,,,,,,,,,,,,,,,,,,,,
662,AAL,master,,,,,,,,,,,,3,,,2,,,1,,,,,,,,,,,,,,,,,,,,,,,,,,,,,,,,,,,,,,,
663,ESB,bachelor,,,,,,,,,,,,,,,,,,,,3,,,,,1,,2,,,,,,,,,,,,,,,,,,,,,,1,,,,1,,,,
664,AAL,bachelor,3,2,,,1,,,,,,,,,,,,,,,,,,,,,,,,,,1,,,1,,,,,,,,,,,,,,,,,,,,,,,
665,AAL,bachelor,1,2,,,3,,,,,,,,,,,,,,,,,,,,,,,,,1,1,,,,,,,,,,,,,,,,,,,,,,,,,,
666,AAL,master,,,,,,,,,,,,,,,3,1,,2,,,,,,,,,,,,,,,,,,,,,,,,,,,1,,1,,,,,,,,,,
667,AAL,master,,,,,,,,,,,2,,,,1,3,,,,,,,,,,,,,,,,,,,,,,,,,,,,1,1,,,,,,,,,,,,
668,AAL,master,,,,,,,,,,,2,,,,1,3,,,,,,,,,,,,,,,,,,,,,,,,,,,,1,1,,,,,,,,,,,,
669,AAL,master,,,,,,,,,,,,,,,,3,2,1,,,,,,,,,,,,,,,,,,,,,,,,,,,1,,1,,,,,,,,,,
670,AAL,master,,,,,,,,,,,,3,,,,,1,2,,,,,,,,,,,,,,,,,,,,,,,1,,,,,,,,,,,,,,,,
671,AAL,master,,,,,,,,,,,,,,2,,,,3,,,,,,,,,,,,,,,,,,,,,,,,,1,,,,1,,,,,,,,,,
672,AAL,master,,,,,,,,,,,,,,2,,3,,,,,,,,,,,,,,,,,,,,,,,,,,,1,,,,,,,,,,,,,,
673,AAL,master,,,,,,,,,,,1,,,2,,,,,,,,,,,,,,,,,,,,,,,,,,1,,,,,,,,,,,,,,,,,
674,AAL,master,,,,,,,,,,,2,,,,3,,,,,,,,,,,,,,,,,,,,,,,,,,,,,1,,,,,,,,,,,,,
675,AAL,master,,,,,,,,,,,1,,,2,,,,,,,,,,,,,,,,,,,,,,,,,,1,,,,,,,,,,,,,,,,,
676,AAL,master,,,,,,,,,,,,2,,,3,1,,,,,,,,,,,,,,,,,,,,,,,,,,,,,,,,,,,,,,,,,
677,AAL,master,,,,,,,,,,,,,,,2,1,,,,,,,,,,,,,,,,,,,,,,,,,,,,1,1,,,,,,,,,,,,
678,AAL,master,,,,,,,,,,,,,,,2,1,,3,,,,,,,,,,,,,,,,,,,,,,,,,,1,1,,,,,,,,,,,,
679,CPH,bachelor,2,1,,,,,3,,,,,,,,,,,,,,,,,,,,,,,1,1,,,,,,,,,,,,,,,,,,,,,,,,,,
680,AAL,master,,,,,,,,,,,,,,2,3,1,,,,,,,,,,,,,,,,,,,,,,,,,,,1,,,,,,,,,,,,,,
681,AAL,bachelor,2,1,,,3,,,,,,,,,,,,,,,,,,,,,,,,,1,1,,,,,,,,,,,,,,,,,,,,,,,,,,
682,AAL,master,,,,,,,,,,,2,1,,,,,,3,,,,,,,,,,,,,,,,,,,,,,,,,,,1,,,,,,,,,,,,
683,AAL,bachelor,,,,,2,3,,,,1,,,,,,,,,,,,,,,,,,,,,,,,1,1,,,,,,,,,,,,,,,,,,,,,,
684,AAL,bachelor,,3,,,,2,,,,1,,,,,,,,,,,,,,,,,,,,,,,,,,,,,,,,,,,,,,,,,,,,,,,
685,AAL,bachelor,,3,,,,2,,,,1,,,,,,,,,,,,,,,,,,,,,,,,,,,,,,,,,,,,,,,,,,,,,,,
686,ESB,master,,,,,,,,,,,,1,,2,,,,3,,,,,,,,,,,,,,,,,,,,,,,1,,,,1,,,,,,,,,,,,
687,AAL,master,,,,,,,,,,,,,,2,1,,3,,,,,,,,,,,,,,,,,,,,,,,,,,1,1,,,,,,,,,,,,,
688,ESB,bachelor,,,,,,,,,,,,,,,,,,,,2,3,,,,1,,,,,,,,,,,,,,,,,,,,,,,,1,,,,1,,,,
689,AAL,master,,,,,,,,,,,3,,,,1,2,,,,,,,,,,,,,,,,,,,,,,,,,,,,,,,,,,,,,,,,,
690,AAL,master,,,,,,,,,,,3,,,,2,1,,,,,,,,,,,,,,,,,,,,,,,,,,,,,,,,,,,,,,,,,
691,CPH,master,,,,,,,,,,,1,3,,,,,,,,,,,,,,,,,,,,,,,,,,,,1,,,,,,,,,,,,,,,,,
692,AAL,bachelor,,1,3,,2,,,,,,,,,,,,,,,,,,,,,,,,,,,,,,,,,,,,,,,,,,,,,,,,,,,,
693,AAL,master,,,,,,,,,,,1,,,,3,2,,,,,,,,,,,,,,,,,,,,,,,,1,,,,,,,,,,,,,,,,,
694,AAL,bachelor,,2,3,,,,,,1,,,,,,,,,,,,,,,,,,,,,,1,,,,,,,1,,,,,,,,,,,,,,,,,,,
695,AAL,bachelor,,,1,,,3,,,,2,,,,,,,,,,,,,,,,,,,,,,,,,1,,1,,,,,,,,,,,,,,,,,,,,
696,AAL,master,,,,,,,,,,,1,3,,,,,,2,,,,,,,,,,,,,,,,,,,,,,1,,,,,,,,,,,,,,,,,
697,AAL,master,,,,,,,,,,,,1,,,,3,,2,,,,,,,,,,,,,,,,,,,,,,,1,,,,,,1,,,,,,,,,,
698,AAL,master,,,,,,,,,,,1,,,2,,3,,,,,,,,,,,,,,,,,,,,,,,,1,,,,,,,,,,,,,,,,,
699,CPH,bachelor,,3,2,,,1,,,,,,,,,,,,,,,,,,,,,,,,1,,,,,1,,,,,,,,,,,,,,,,,,,,,,
700,CPH,bachelor,,3,1,,,2,,,,,,,,,,,,,,,,,,,,,,,,,,,,,1,,,1,,,,,,,,,,,,,,,,,,,
702,CPH,bachelor,,2,1,,,,,3,,,,,,,,,,,,,,,,,,,,,,1,1,,,,,,,,,,,,,,,,,,,,,,,,,,
703,AAL,master,,,,,,,,,,,,1,,,2,3,,,,,,,,,,,,,,,,,,,,,,,,,,,,,,,,,,,,,,,,,
704,AAL,bachelor,,2,,,,,3,,1,,,,,,,,,,,,,,,,,,,,,,1,,,,,,,1,,,,,,,,,,,,,,,,,,,
705,AAL,master,,,,,,,,,,,,3,,2,,1,,,,,,,,,,,,,,,,,,,,,,,,,,,1,,,,,,,,,,,,,,
706,AAL,master,,,,,,,,,,,1,,,,,2,3,,,,,,,,,,,,,,,,,,,,,,,1,,,,,,,,,,,,,,,,,
707,AAL,master,,,,,,,,,,,1,,,,,2,3,,,,,,,,,,,,,,,,,,,,,,,1,,,,,,,,,,,,,,,,,
708,CPH,bachelor,,,,,,3,,1,2,,,,,,,,,,,,,,,,,,,,,,,,,,1,,1,,,,,,,,,,,,,,,,,,,,
709,AAL,master,,,,,,,,,,,1,,,,,2,3,,,,,,,,,,,,,,,,,,,,,,,1,,,,,,,,,,,,,,,,,
710,AAL,master,,,,,,,,,,,1,3,,,,2,,,,,,,,,,,,,,,,,,,,,,,,1,,,,,,,,,,,,,,,,,
711,AAL,master,,,,,,,,,,,1,,,,3,2,,,,,,,,,,,,,,,,,,,,,,,,,,,,,,,,,,,,,,,,,
712,AAL,bachelor,,1,,,,,,3,,2,,,,,,,,,,,,,,,,,,,,,,,,,,,1,1,,,,,,,,,,,,,,,,,,,
713,AAL,master,,,,,,,,,,,2,,,,3,1,,,,,,,,,,,,,,,,,,,,,,,,,,,,1,1,,,,,,,,,,,,
714,AAL,master,,,,,,,,,,,,1,,,,2,,3,,,,,,,,,,,,,,,,,,,,,,,,,,,,,,,,,,,,,,,
715,AAL,master,,,,,,,,,,,3,1,,,,,,2,,,,,,,,,,,,,,,,,,,,,,,1,,,,,,1,,,,,,,,,,
716,AAL,bachelor,,3,2,,,,,,1,,,,,,,,,,,,,,,,,,,,,,1,,,,,,,1,,,,,,,,,,,,,,,,,,,
717,CPH,master,,,,,,,,,,,,3,,,1,,,2,,,,,,,,,,,,,,,,,,,,,,,1,,,,,,1,,,,,,,,,,
718,CPH,master,,,,,,,,,,,1,,,3,,2,,,,,,,,,,,,,,,,,,,,,,,,1,,,,,,,,,,,,,,,,,
719,AAL,master,,,,,,,,,,,,,,,3,1,,2,,,,,,,,,,,,,,,,,,,,,,,,,,,1,,1,,,,,,,,,,
720,AAL,master,,,,,,,,,,,,,,,,1,3,2,,,,,,,,,,,,,,,,,,,,,,,,,,,1,,1,,,,,,,,,,
721,AAL,master,,,,,,,,,,,3,2,,,,,,,,,,,,,,,,,,,,,,,,,,,,,,,,,1,,,,,,,,,,,,
722,AAL,master,,,,,,,,,,,,3,,,,1,,2,,,,,,,,,,,,,,,,,,,,,,,,,,,,,,,,,,,,,,,
723,AAL,master,,,,,,,,,,,,1,,,,2,,,,,,,,,,,,,,,,,,,,,,,,,,,,,,,,,,,,,,,,,
724,AAL,master,,,,,,,,,,,,1,,,3,2,,,,,,,,,,,,,,,,,,,,,,,,,,,,,,,,,,,,,,,,,
725,AAL,master,,,,,,,,,,,,3,,,1,,,2,,,,,,,,,,,,,,,,,,,,,,,,,,1,,,1,,,,,,,,,,
726,AAL,master,,,,,,,,,,,1,,,,,2,,3,,,,,,,,,,,,,,,,,,,,,,,,,,,1,,1,,,,,,,,,,
727,CPH,bachelor,3,1,,,2,,,,,,,,,,,,,,,,,,,,,,,,,1,1,,,,,,,,,,,,,,,,,,,,,,,,,,
728,AAL,master,,,,,,,,,,,,2,,,,3,,1,,,,,,,,,,,,,,,,,,,,,,,1,,,,,,1,,,,,,,,,,
729,AAL,master,,,,,,,,,,,,2,,,,3,,1,,,,,,,,,,,,,,,,,,,,,,,1,,,,,,1,,,,,,,,,,
730,AAL,bachelor,,3,,,2,,,,1,,,,,,,,,,,,,,,,,,,,,,,,,1,,,,1,,,,,,,,,,,,,,,,,,,
731,AAL,bachelor,,3,,,2,,,,1,,,,,,,,,,,,,,,,,,,,,,,,,1,,,,1,,,,,,,,,,,,,,,,,,,
732,AAL,bachelor,,3,,,2,,,,1,,,,,,,,,,,,,,,,,,,,,,,,,1,,,,1,,,,,,,,,,,,,,,,,,,
733,AAL,master,,,,,,,,,,,1,,,,,2,,3,,,,,,,,,,,,,,,,,,,,,,,,,,,1,,1,,,,,,,,,,
734,AAL,master,,,,,,,,,,,,2,,,1,3,,,,,,,,,,,,,,,,,,,,,,,,,1,,,1,,,,,,,,,,,,,
735,AAL,master,,,,,,,,,,,,1,,,3,,,2,,,,,,,,,,,,,,,,,,,,,,,1,,,,,,1,,,,,,,,,,
736,AAL,master,,,,,,,,,,,,1,,,3,,,2,,,,,,,,,,,,,,,,,,,,,,,1,,,,,,1,,,,,,,,,,
737,AAL,master,,,,,,,,,,,,1,,,,2,,3,,,,,,,,,,,,,,,,,,,,,,,,,,,1,,,,,,,,,,,,
738,AAL,master,,,,,,,,,,,1,3,,,,,,2,,,,,,,,,,,,,,,,,,,,,,,1,,,,,,1,,,,,,,,,,
739,AAL,master,,,,,,,,,,,1,3,,,,,,2,,,,,,,,,,,,,,,,,,,,,,,1,,,,,,1,,,,,,,,,,
740,CPH,bachelor,,1,,,,3,,,2,,,,,,,,,,,,,,,,,,,,,,1,,,,,,,1,,,,,,,,,,,,,,,,,,,
741,ESB,master,,,,,,,,,,,,,,,3,2,1,,,,,,,,,,,,,,,,,,,,,,,,1,,,,1,,,,,,,,,,,,
743,AAL,master,,,,,,,,,,,1,,,,,2,3,,,,,,,,,,,,,,,,,,,,,,,,,,,,1,,,,,,,,,,,,
744,AAL,master,,,,,,,,,,,1,,,,,2,3,,,,,,,,,,,,,,,,,,,,,,,,,,,,1,,,,,,,,,,,,
745,AAL,master,,,,,,,,,,,1,,,,,2,,3,,,,,,,,,,,,,,,,,,,,,,,,,,,,,,,,,,,,,,,
746,AAL,master,,,,,,,,,,,3,2,,,1,,,,,,,,,,,,,,,,,,,,,,,,,,,,,,,,,,,,,,,,,,
747,AAL,master,,,,,,,,,,,3,1,,,,2,,,,,,,,,,,,,,,,,,,,,,,,,,,,,1,,,,,,,,,,,,
748,AAL,master,,,,,,,,,,,,1,,,,2,,3,,,,,,,,,,,,,,,,,,,,,,,,,,,1,,,,,,,,,,,,
749,AAL,master,,,,,,,,,,,,,,,3,1,2,,,,,,,,,,,,,,,,,,,,,,,,,,,1,1,,,,,,,,,,,,
750,AAL,bachelor,,,,,,1,2,,,3,,,,,,,,,,,,,,,,,,,,,1,,,,1,,,,,,,,,,,,,,,,,,,,,,
751,AAL,master,,,,,,,,,,,1,,,,2,,,3,,,,,,,,,,,,,,,,,,,,,,,,,,1,,,1,,,,,,,,,,
752,CPH,master,,,,,,,,,,,1,,,,3,2,,,,,,,,,,,,,,,,,,,,,,,,1,,,,,,,,,,,,,,,,,
753,CPH,master,,,,,,,,,,,1,,,,3,2,,,,,,,,,,,,,,,,,,,,,,,,1,,,,,,,,,,,,,,,,,
754,CPH,bachelor,,,,,,,2,3,1,,,,,,,,,,,,,,,,,,,,,,1,,,,,,,1,,,,,,,,,,,,,,,,,,,
755,AAL,master,,,,,,,,,,,,,,,2,1,,3,,,,,,,,,,,,,,,,,,,,,,,,,,1,1,,,,,,,,,,,,
756,CPH,master,,,,,,,,,,,,,,,3,1,,2,,,,,,,,,,,,,,,,,,,,,,,1,,,,1,,,,,,,,,,,,
757,AAL,master,,,,,,,,,,,,2,,,,3,,1,,,,,,,,,,,,,,,,,,,,,,,1,,,,,,1,,,,,,,,,,
758,AAL,master,,,,,,,,,,,1,,,,3,,2,,,,,,,,,,,,,,,,,,,,,,,,,,,1,,,,,,,,,,,,,
759,AAL,master,,,,,,,,,,,,,,3,,2,,1,,,,,,,,,,,,,,,,,,,,,,,,,,,1,,1,,,,,,,,,,
760,AAL,master,,,,,,,,,,,3,2,,,,,1,,,,,,,,,,,,,,,,,,,,,,,,,,,,,,,,,,,,,,,,
761,CPH,bachelor,2,1,,,,,,,3,,,,,,,,,,,,,,,,,,,,,1,1,,,,,,,,,,,,,,,,,,,,,,,,,,
762,AAL,master,,,,,,,,,,,1,,,,,2,3,,,,,,,,,,,,,,,,,,,,,,,,,,,,1,,,,,,,,,,,,
763,AAL,bachelor,,1,,,,,,,2,3,,,,,,,,,,,,,,,,,,,,,1,,,,,,,1,,,,,,,,,,,,,,,,,,,
764,CPH,bachelor,,2,,3,,,,1,,,,,,,,,,,,,,,,,,,,,,,1,,,,,,1,,,,,,,,,,,,,,,,,,,,
765,AAL,bachelor,,2,,,,,,,1,3,,,,,,,,,,,,,,,,,,,,,,,,,,,,,,,,,,,,,,,,,,,,,,,
766,CPH,bachelor,,1,,,,,3,,2,,,,,,,,,,,,,,,,,,,,,,1,,,,,,,1,,,,,,,,,,,,,,,,,,,
767,AAL,bachelor,,,3,,,,,,1,2,,,,,,,,,,,,,,,,,,,,1,,,,,,,,1,,,,,,,,,,,,,,,,,,,
768,AAL,master,,,,,,,,,,,,1,,,,3,,2,,,,,,,,,,,,,,,,,,,,,,,1,,,,,,1,,,,,,,,,,
769,AAL,master,,,,,,,,,,,1,3,,,2,,,,,,,,,,,,,,,,,,,,,,,,,,,,,1,,,,,,,,,,,,,
770,AAL,master,,,,,,,,,,,,1,,,3,,,,,,,,,,,,,,,,,,,,,,,,,,,,,1,,,,,,,,,,,,,
771,AAL,master,,,,,,,,,,,2,1,,3,,,,,,,,,,,,,,,,,,,,,,,,,,,1,,1,,,,,,,,,,,,,,
772,AAL,bachelor,,,,,2,,,,1,3,,,,,,,,,,,,,,,,,,,,,,,,,,,1,1,,,,,,,,,,,,,,,,,,,
773,AAL,master,,,,,,,,,,,,2,,,3,,,1,,,,,,,,,,,,,,,,,,,,,,,,,,,,,,,,,,,,,,,
774,AAL,master,,,,,,,,,,,,1,,,,3,,2,,,,,,,,,,,,,,,,,,,,,,,1,,,,,,1,,,,,,,,,,
775,AAL,master,,,,,,,,,,,,1,,,,3,,2,,,,,,,,,,,,,,,,,,,,,,,1,,,,,,1,,,,,,,,,,
776,AAL,master,,,,,,,,,,,,1,,,,3,,2,,,,,,,,,,,,,,,,,,,,,,,1,,,,,,1,,,,,,,,,,
777,AAL,bachelor,,,,,,1,,3,2,,,,,,,,,,,,,,,,,,,,,,,,,,1,,,1,,,,,,,,,,,,,,,,,,,
778,AAL,master,,,,,,,,,,,2,1,,,,,,3,,,,,,,,,,,,,,,,,,,,,,,1,,,,,,1,,,,,,,,,,
779,AAL,bachelor,,,2,,,,3,,,1,,,,,,,,,,,,,,,,,,,,,,,1,,,,,1,,,,,,,,,,,,,,,,,,,
780,AAL,master,,,,,,,,,,,3,1,,,2,,,,,,,,,,,,,,,,,,,,,,,,,,1,,,1,,,,,,,,,,,,,
781,ESB,bachelor,,,,,,,,,,,,,,,,,,,2,1,,3,,,,,,,,,,,,,,,,,,,,,,,,,,,1,,,,1,,,,
782,ESB,bachelor,,,,,,,,,,,,,2,,,,,,,,3,,,,1,,,,,,,,,,,,,,,,,,,,,,,,1,,,,1,,,,
783,AAL,master,,,,,,,,,,,,1,,,3,,,2,,,,,,,,,,,,,,,,,,,,,,,1,,,,,,1,,,,,,,,,,
784,AAL,master,,,,,,,,,,,,1,,,3,,,2,,,,,,,,,,,,,,,,,,,,,,,1,,,,,,1,,,,,,,,,,
786,AAL,master,,,,,,,,,,,,,,,2,1,3,,,,,,,,,,,,,,,,,,,,,,,,,,,1,1,,,,,,,,,,,,
787,AAL,master,,,,,,,,,,,,1,,,3,,,2,,,,,,,,,,,,,,,,,,,,,,,1,,,,,,1,,,,,,,,,,
788,AAL,master,,,,,,,,,,,,1,,,3,,,2,,,,,,,,,,,,,,,,,,,,,,,1,,,,,,1,,,,,,,,,,
790,AAL,master,,,,,,,,,,,,1,,,,2,,3,,,,,,,,,,,,,,,,,,,,,,,,,,,1,,,,,,,,,,,,
791,AAL,master,,,,,,,,,,,,1,,,,3,,2,,,,,,,,,,,,,,,,,,,,,,,1,,,,,,1,,,,,,,,,,
792,AAL,master,,,,,,,,,,,,,,,2,1,3,,,,,,,,,,,,,,,,,,,,,,,,,,,1,1,,,,,,,,,,,,
793,AAL,master,,,,,,,,,,,,,,,2,1,3,,,,,,,,,,,,,,,,,,,,,,,,,,,1,1,,,,,,,,,,,,
794,AAL,master,,,,,,,,,,,2,1,,,,3,,,,,,,,,,,,,,,,,,,,,,,,,,,,,,,,,,,,,,,,,
795,AAL,master,,,,,,,,,,,,1,,,,,,2,,,,,,,,,,,,,,,,,,,,,,,1,,,,,,1,,,,,,,,,,
796,AAL,master,,,,,,,,,,,,3,,,,1,2,,,,,,,,,,,,,,,,,,,,,,,,,,,,1,,,,,,,,,,,,
797,AAL,master,,,,,,,,,,,1,3,,,,2,,,,,,,,,,,,,,,,,,,,,,,,,,,,,1,,,,,,,,,,,,
798,AAL,master,,,,,,,,,,,3,,,,,2,1,,,,,,,,,,,,,,,,,,,,,,,,,,,,1,,,,,,,,,,,,
799,AAL,master,,,,,,,,,,,1,2,,,,,,,,,,,,,,,,,,,,,,,,,,,,,1,,,,,,,,,,,,,,,,
800,AAL,bachelor,,1,,,,2,,,3,,,,,,,,,,,,,,,,,,,,,,,,,,,,,,,,,,,,,,,,,,,,,,,,
801,AAL,master,,,,,,,,,,,,1,,,,3,,2,,,,,,,,,,,,,,,,,,,,,,,1,,,,,,1,,,,,,,,,,
802,AAL,master,,,,,,,,,,,,1,,,2,,,3,,,,,,,,,,,,,,,,,,,,,,,1,,,,,,1,,,,,,,,,,
803,AAL,master,,,,,,,,,,,,1,,,3,2,,,,,,,,,,,,,,,,,,,,,,,,,,,,,1,,,,,,,,,,,,
804,AAL,master,,,,,,,,,,,,1,,,3,,,2,,,,,,,,,,,,,,,,,,,,,,,1,,,,,,1,,,,,,,,,,
805,CPH,master,,,,,,,,,,,,,,,,3,2,1,,,,,,,,,,,,,,,,,,,,,,,,,,,,,1,,,,,,,,,,
806,CPH,bachelor,,1,3,,,,,,2,,,,,,,,,,,,,,,,,,,,,,1,,,,,,,1,,,,,,,,,,,,,,,,,,,
807,AAL,master,,,,,,,,,,,,,,,1,,,2,,,,,,,,,,,,,,,,,,,,,,,,,,1,,,1,,,,,,,,,,
808,AAL,master,,,,,,,,,,,3,,,,2,1,,,,,,,,,,,,,,,,,,,,,,,,,,,,1,1,,,,,,,,,,,,
809,AAL,master,,,,,,,,,,,3,1,,,,,,2,,,,,,,,,,,,,,,,,,,,,,,1,,,,,,1,,,,,,,,,,
810,AAL,master,,,,,,,,,,,1,,,,2,3,,,,,,,,,,,,,,,,,,,,,,,,,,,,,,,,,,,,,,,,,
811,AAL,master,,,,,,,,,,,,,,3,,,2,,,,,,,,,,,,,,,,,,,,,,,,,,1,,,,,,,,,,,,,,
812,AAL,master,,,,,,,,,,,,,,,,1,,2,,,,,,,,,,,,,,,,,,,,,,,,,,,1,,1,,,,,,,,,,
813,AAL,master,,,,,,,,,,,,,,1,3,2,,,,,,,,,,,,,,,,,,,,,,,,,,,,,,,,,,,,,,,,,
814,AAL,master,,,,,,,,,,,,2,,,3,,1,,,,,,,,,,,,,,,,,,,,,,,,,,,,,,,,,,,,,,,,
815,AAL,bachelor,3,1,,,,,,,2,,,,,,,,,,,,,,,,,,,,,,1,,,,,,,1,,,,,,,,,,,,,,,,,,,
816,AAL,bachelor,3,1,,,,,,,2,,,,,,,,,,,,,,,,,,,,,,1,,,,,,,1,,,,,,,,,,,,,,,,,,,
817,AAL,master,,,,,,,,,,,,,,,2,1,3,,,,,,,,,,,,,,,,,,,,,,,,,,,1,1,,,,,,,,,,,,
818,AAL,master,,,,,,,,,,,,,,,2,1,,3,,,,,,,,,,,,,,,,,,,,,,,,,,1,1,,,,,,,,,,,,
820,AAL,master,,,,,,,,,,,,,,3,2,1,,,,,,,,,,,,,,,,,,,,,,,,,,,1,,,,,,,,,,,,,,
821,AAL,master,,,,,,,,,,,,,,3,2,1,,,,,,,,,,,,,,,,,,,,,,,,,,,1,,,,,,,,,,,,,,
822,AAL,master,,,,,,,,,,,,2,,,,1,,3,,,,,,,,,,,,,,,,,,,,,,,,,,,1,,,,,,,,,,,,
823,AAL,bachelor,,,,,,3,,1,,2,,,,,,,,,,,,,,,,,,,,,,,,,1,,1,,,,,,,,,,,,,,,,,,,,
824,CPH,master,,,,,,,,,,,2,1,,,,,,3,,,,,,,,,,,,,,,,,,,,,,1,,,,,,,,,,,,,,,,,
825,CPH,master,,,,,,,,,,,,1,,3,,,,2,,,,,,,,,,,,,,,,,,,,,,,1,,,,,,1,,,,,,,,,,
826,AAL,master,,,,,,,,,,,,1,,,3,2,,,,,,,,,,,,,,,,,,,,,,,,,,,,,,,,,,,,,,,,,
827,AAL,master,,,,,,,,,,,,1,,,,2,,3,,,,,,,,,,,,,,,,,,,,,,,,,,,1,,,,,,,,,,,,
828,AAL,master,,,,,,,,,,,,1,,,2,,,3,,,,,,,,,,,,,,,,,,,,,,,,,,,,,,,,,,,,,,,
829,AAL,master,,,,,,,,,,,,1,,,,3,,2,,,,,,,,,,,,,,,,,,,,,,,,,,,,,,,,,,,,,,,
830,AAL,master,,,,,,,,,,,,1,,,,2,,3,,,,,,,,,,,,,,,,,,,,,,,,,,,,,,,,,,,,,,,
831,AAL,master,,,,,,,,,,,,,,,2,1,,3,,,,,,,,,,,,,,,,,,,,,,,,,,,1,,,,,,,,,,,,
832,AAL,master,,,,,,,,,,,3,,,,,1,,,,,,,,,,,,,,,,,,,,,,,,,,,,,1,,,,,,,,,,,,
833,AAL,bachelor,,1,,,,,3,,2,,,,,,,,,,,,,,,,,,,,,,1,,,,,,,1,,,,,,,,,,,,,,,,,,,
834,CPH,bachelor,2,,,3,,,1,,,,,,,,,,,,,,,,,,,,,,,1,,,,,,,,,,,,,,,,,,,,,,,,,,,
835,AAL,master,,,,,,,,,,,1,2,,3,,,,,,,,,,,,,,,,,,,,,,,,,,,,,,,,,,,,,,,,,,,
836,AAL,master,,,,,,,,,,,3,2,,,,,,1,,,,,,,,,,,,,,,,,,,,,,,1,,,,,,1,,,,,,,,,,
837,AAL,bachelor,,,1,,,,,3,2,,,,,,,,,,,,,,,,,,,,,,,,,,,,1,1,,,,,,,,,,,,,,,,,,,
838,AAL,master,,,,,,,,,,,,,,1,,2,3,,,,,,,,,,,,,,,,,,,,,,,,,,1,,,,,,,,,,,,,,
839,AAL,master,,,,,,,,,,,1,,,,3,2,,,,,,,,,,,,,,,,,,,,,,,,,,,,1,1,,,,,,,,,,,,
840,AAL,master,,,,,,,,,,,3,1,,,2,,,,,,,,,,,,,,,,,,,,,,,,,,1,,,1,,,,,,,,,,,,,
841,AAL,master,,,,,,,,,,,,,,,,1,3,2,,,,,,,,,,,,,,,,,,,,,,,,,,,1,,1,,,,,,,,,,
842,AAL,bachelor,,,,2,,3,,,,1,,,,,,,,,,,,,,,,,,,,,1,,1,,,,,,,,,,,,,,,,,,,,,,,,
843,CPH,bachelor,,2,,,3,,,,1,,,,,,,,,,,,,,,,,,,,,,1,,,,,,,1,,,,,,,,,,,,,,,,,,,
844,AAL,master,,,,,,,,,,,,,,2,3,1,,,,,,,,,,,,,,,,,,,,,,,,,,,,1,1,,,,,,,,,,,,
845,CPH,bachelor,,,,,3,1,,2,,,,,,,,,,,,,,,,,,,,,,,,,,,1,,1,,,,,,,,,,,,,,,,,,,,
846,AAL,bachelor,2,,1,,,,3,,,,,,,,,,,,,,,,,,,,,,,1,,,,1,,,,,,,,,,,,,,,,,,,,,,,
847,AAL,master,,,,,,,,,,,3,,,1,,2,,,,,,,,,,,,,,,,,,,,,,,,,,,1,,,,,,,,,,,,,,
848,AAL,master,,,,,,,,,,,,,,1,,3,,2,,,,,,,,,,,,,,,,,,,,,,,,,1,,,,1,,,,,,,,,,
849,AAL,master,,,,,,,,,,,,,,,3,1,,2,,,,,,,,,,,,,,,,,,,,,,,,,,,1,,1,,,,,,,,,,
850,AAL,master,,,,,,,,,,,,,,,3,1,,2,,,,,,,,,,,,,,,,,,,,,,,,,,,1,,1,,,,,,,,,,
851,AAL,master,,,,,,,,,,,,,,,2,1,3,,,,,,,,,,,,,,,,,,,,,,,,,,,1,1,,,,,,,,,,,,
852,AAL,master,,,,,,,,,,,,2,,,,1,3,,,,,,,,,,,,,,,,,,,,,,,,,,,,1,,,,,,,,,,,,
853,AAL,master,,,,,,,,,,,1,,,,,2,,3,,,,,,,,,,,,,,,,,,,,,,,,,,,1,,1,,,,,,,,,,
854,AAL,master,,,,,,,,,,,,1,,,3,,,2,,,,,,,,,,,,,,,,,,,,,,,1,,,,,,1,,,,,,,,,,
855,AAL,master,,,,,,,,,,,,,,,2,1,,3,,,,,,,,,,,,,,,,,,,,,,,,,,,1,,1,,,,,,,,,,
856,AAL,master,,,,,,,,,,,,,,,2,1,,3,,,,,,,,,,,,,,,,,,,,,,,,,,,1,,1,,,,,,,,,,
857,AAL,master,,,,,,,,,,,3,1,,,,2,,,,,,,,,,,,,,,,,,,,,,,,,,,,,1,,,,,,,,,,,,
858,AAL,master,,,,,,,,,,,,1,,,3,2,,,,,,,,,,,,,,,,,,,,,,,,,,,,,1,,,,,,,,,,,,
859,AAL,master,,,,,,,,,,,,,,,1,2,,3,,,,,,,,,,,,,,,,,,,,,,,,,,1,1,,,,,,,,,,,,
860,CPH,master,,,,,,,,,,,,,,,1,3,,2,,,,,,,,,,,,,,,,,,,,,,,1,,,,,,1,,,,,,,,,,
861,AAL,master,,,,,,,,,,,,3,,2,,,,1,,,,,,,,,,,,,,,,,,,,,,,,,1,,,,1,,,,,,,,,,
862,AAL,master,,,,,,,,,,,1,,,2,,,3,,,,,,,,,,,,,,,,,,,,,,,,,,,,,,,,,,,,,,,,
863,AAL,master,,,,,,,,,,,,2,,,,3,,1,,,,,,,,,,,,,,,,,,,,,,,1,,,,,,1,,,,,,,,,,
864,AAL,master,,,,,,,,,,,,1,,,2,3,,,,,,,,,,,,,,,,,,,,,,,,,,,,,,,,,,,,,,,,,
865,AAL,master,,,,,,,,,,,,,,,3,,1,,,,,,,,,,,,,,,,,,,,,,,,,,,1,,,,,,,,,,,,,
866,AAL,master,,,,,,,,,,,,1,,,3,2,,,,,,,,,,,,,,,,,,,,,,,,,,,,,1,,,,,,,,,,,,
867,AAL,master,,,,,,,,,,,,1,,,3,2,,,,,,,,,,,,,,,,,,,,,,,,,,,,,1,,,,,,,,,,,,
868,AAL,master,,,,,,,,,,,,1,,,3,,,2,,,,,,,,,,,,,,,,,,,,,,,1,,,,,,1,,,,,,,,,,
